siniestro_id,siniestro_nro,siniestro_fecha,factura_nro,siniestro_tipo,cantidad_ruedas,seguro_cia,poliza_nro,licitador,vehiculo,observaciones
1,5010150000000,2024-05-01,FA-3-65393,AUCHPOAL,3,30-66320562-1,55433307,3,29,
2,4500000000000,2024-05-01,FA-3-65394,AUCH,1,30-66320562-1,46438511,3,43,
3,5220120000000,2024-05-01,FA-3-65395,AUPOCH,2,30-66320562-1,33423010,3,44,
4,5010150000000,2024-05-01,FA-3-65396,AUCH,1,30-66320562-1,58410002,3,81,
5,5220000000000,2024-05-01,FA-3-65397,AUPOCH,3,30-66320562-1,21084910,3,82,
6,5010150000000,2024-05-01,FA-3-65398,AUCH,1,30-66320562-1,57336604,3,83,
7,5010150000000,2024-05-01,FA-3-65399,AUCH,1,30-66320562-1,54767308,3,71,
8,5010150000000,2024-05-01,FA-3-65400,AUCH,1,30-66320562-1,54426409,3,72,
9,5010150000000,2024-05-01,FA-3-65401,POAL,1,30-66320562-1,20116109,3,59,
10,5010150000000,2024-05-01,FA-3-65402,POAL,1,30-66320562-1,57275601,3,73,
11,5010150000000,2024-05-01,FA-3-65403,AUCH,1,30-66320562-1,53397612,3,30,
12,5010000000000,2024-05-01,FA-3-65404,AUPOCH,2,30-66320562-1,55024509,3,31,
13,5010150000000,2024-05-01,FA-3-65405,AUCH,1,30-66320562-1,53806410,3,29,
14,5010150000000,2024-05-01,FA-3-65406,AUPOCH,2,30-66320562-1,57643902,3,18,
15,2363240,2024-05-01,FA-3-65410,POAL,1,34-50004533-9,31238839,3,2,
16,2382317,2024-05-01,FA-3-65411,AUCH,1,34-50004533-9,31474455,3,99,
17,2381258,2024-05-01,FA-3-65412,AUCH,1,34-50004533-9,31480228,3,32,
18,2382146,2024-05-01,FA-3-65413,AUPOCH,3,34-50004533-9,31322999,3,74,
19,2401666,2024-05-01,FA-3-65414,POAL,1,34-50004533-9,31284042,3,64,
20,3901056,2024-05-01,FA-3-65417,AUCH,1,30-50003578-8,9001571,1,100,
21,2003789234,2024-05-01,FCEA-4-310,AUTEPOAL,3,30-50004946-0,749536,1,1,
22,406078,2024-05-01,FA-3-65408,AUCH,1,30-50005116-3,14056788,3,33,
23,400452,2024-05-01,FA-3-65409,POCH,1,30-50005116-3,14021615,3,84,
24,474369,2024-05-01,FA-3-65381,POAL,1,30-70496198-3,3612176,3,45,
25,2330436,2024-05-01,FA-3-65415,POAL,1,30-50003691-1,514547310,3,95,
26,2330132,2024-05-01,FA-3-65416,POCH,1,30-50003691-1,514748583,3,63,
27,3144105,2024-05-01,FA-3-65383,POAL,1,30-50001770-4,56964918,3,85,
28,3134455,2024-05-01,FA-3-65384,AUTE,1,30-50001770-4,56883532,3,46,
29,162649,2024-05-01,FA-3-65377,POAL,1,30-50004359-4,920077,1,45,
30,162696,2024-05-01,FA-3-65378,AUPOCH,2,30-50004359-4,923882,1,31,
31,420231000000,2024-05-01,FA-3-65418,POAL,1,30-50000012-7,177194,4,96,
32,392046,2024-05-01,FA-3-65385,POCH,1,30-50004045-5,3821559,3,81,
33,392739,2024-05-01,FA-3-65386,POAL,1,30-50004045-5,3945582,3,95,
34,6630751,2024-05-01,FA-3-65387,POAL,1,30-50005031-0,529890122,3,84,
35,6623347,2024-05-01,FA-3-65388,POCH,1,30-50005031-0,86944492,3,34,
36,6631145,2024-05-01,FA-3-65389,POCH,1,30-50005031-0,622236552,3,84,
37,6630292,2024-05-01,FA-3-65390,AUCH,1,30-50005031-0,66796122,3,83,
38,6630436,2024-05-01,FA-3-65391,POAL,1,30-50005031-0,661049192,3,84,Cobertura 90%
39,6630485,2024-05-01,FA-3-65392,POCH,1,30-50005031-0,622230902,3,83,
40,53734,2024-05-01,FA-3-65382,POCH,1,30-51830942-7,5398474,3,81,
41,1578375,2024-05-01,FA-4-1074,POAL,1,30-50005666-1,9167783,1,59,
42,2443543,2024-05-01,FA-3-65372,POAL,1,30-50006577-6,2621313,7,50,
43,1447787,2024-05-01,FA-3-65373,AUPOCH,2,30-50006577-6,2709846,7,85,
44,1446526,2024-05-01,FA-3-65374,AUCH,1,30-50006577-6,2663663,7,81,
45,1448643,2024-05-01,FA-3-65375,POCH,1,30-50006577-6,2712124,7,81,
46,1448558,2024-05-01,FA-3-65376,POCH,1,30-50006577-6,2699591,7,74,
47,3660398,2024-05-01,FA-3-65379,POCH,1,30-50004717-4,2814201,1,84,
48,3642798,2024-05-01,FA-3-65380,AUCH,1,30-50004717-4,2812661,1,74,
49,658851,2024-05-01,FA-3-65419,POAL,1,30-67856116-5,2255886,8,47,
50,659197,2024-05-01,FA-3-65420,AUCH,1,30-67856116-5,2219868,8,95,
51,12280000000000,2024-05-01,FA-3-65407,AUCH,1,30-71459054-1,13958810,3,3,
52,5010150000000,2024-05-02,FA-3-65433,POCH,1,30-66320562-1,20599904,3,86,
53,807063,2024-05-02,FA-3-65426,POCH,1,30-50005536-3,4617991,1,44,
54,2382236,2024-05-02,FA-3-65440,POCH,1,34-50004533-9,31440456,3,29,
55,2382744,2024-05-02,FA-3-65441,AUPOCH,2,34-50004533-9,31435829,3,4,
56,2499664,2024-05-02,FA-3-65442,POCH,1,34-50004533-9,31713100,3,43,
57,406950,2024-05-02,FA-3-65436,AUCH,1,30-50005116-3,14107049,3,35,
58,405603,2024-05-02,FA-3-65437,POCH,1,30-50005116-3,14128845,3,75,
59,399785,2024-05-02,FA-3-65438,POAL,1,30-50005116-3,14086880,3,101,
60,3139786,2024-05-02,FA-3-65429,AUPOCH,2,30-50001770-4,56639967,1,102,
61,3149472,2024-05-02,FA-3-65430,AUCH,1,30-50001770-4,57024521,3,95,
62,162614,2024-05-02,FA-3-65427,POAL,3,30-50004359-4,914048,1,29,
63,420231000000,2024-05-02,FA-4-1082,AUPOCH,2,30-50000012-7,166957,5,19,
64,420231000000,2024-05-02,FA-3-65443,POAL,1,30-50000012-7,7343796,1,29,
65,533054,2024-05-02,FA-3-65439,AUCH,1,30-50003196-0,1848459,3,43,
66,6630495,2024-05-02,FA-3-65431,POCH,1,30-50005031-0,529627762,3,29,
67,6631046,2024-05-02,FA-3-65432,AUCH,1,30-50005031-0,66890042,3,85,
68,1587615,2024-05-02,FA-4-1076,POAL,1,30-50005666-1,8968578,1,20,
69,1578828,2024-05-02,FA-4-1077,POAL,1,30-50005666-1,9074268,1,43,
70,1579963,2024-05-02,FA-4-1078,POCH,1,30-50005666-1,9019978,1,31,
71,1587912,2024-05-02,FA-4-1079,POAL,1,30-50005666-1,8938308,1,71,
72,1585177,2024-05-02,FA-4-1080,AUPOCH,2,30-50005666-1,9109610,1,74,
73,1449556,2024-05-02,FA-3-65425,POAL,1,30-50006577-6,2523603,7,82,
74,3525698,2024-05-02,FA-3-65428,AUCH,1,30-50004717-4,2816201,1,4,
75,12280900000000,2024-05-02,FA-3-65434,POAL,1,30-71459054-1,21679801,3,5,
76,12280000000000,2024-05-02,FA-3-65435,AUCH,1,30-71459054-1,19213104,3,34,
77,88359,2024-05-05,FA-3-65475,POCH,1,30-69067464-1,1052244,3,76,
78,5010150000000,2024-05-05,FA-3-65460,AUCH,1,30-66320562-1,56107903,3,34,
79,5010150000000,2024-05-05,FA-3-65461,POAL,1,30-66320562-1,20679303,3,103,
80,5010150000000,2024-05-05,FA-3-65462,AUCH,1,30-66320562-1,57180604,3,35,
81,5010150000000,2024-05-05,FA-3-65463,AUCH,1,30-66320562-1,10714604,3,85,
82,2382308,2024-05-05,FA-3-65472,AUPOCH,2,34-50004533-9,31514512,3,85,
83,2382563,2024-05-05,FA-3-65473,POAL,1,34-50004533-9,31445222,3,101,
84,3900843,2024-05-05,FA-3-65476,POCH,1,30-50003578-8,8990430,1,82,
85,3901158,2024-05-05,FA-3-65477,AUPOCH,2,30-50003578-8,8970284,1,96,
86,1063974,2024-05-05,FA-3-65478,POCH,1,30-50005710-2,2127948,1,99,
87,474192,2024-05-05,FA-3-65455,AUCH,1,30-70496198-3,3615798,3,83,
88,2337563,2024-05-05,FA-3-65466,POAL,1,30-50003691-1,514117668,3,87,
89,2338990,2024-05-05,FA-3-65467,AUPOCH,2,30-50003691-1,514770677,3,97,
90,2330426,2024-05-05,FA-3-65468,POCH,1,30-50003691-1,515042225,3,103,
91,2339332,2024-05-05,FA-3-65469,AUCH,1,30-50003691-1,514945920,3,81,
92,2343166,2024-05-05,FA-3-65470,POAL,1,30-50003691-1,514834668,3,2,
93,2330333,2024-05-05,FA-3-65471,POCH,1,30-50003691-1,514425655,3,81,
94,3150080,2024-05-05,FA-3-65452,POCH,1,30-50001770-4,57093101,1,44,
95,3150128,2024-05-05,FA-3-65453,POAL,2,30-50001770-4,56890496,3,45,
96,3146435,2024-05-05,FA-3-65454,POCH,1,30-50001770-4,57146464,3,44,
97,641852001,2024-05-05,FA-3-65457,POAL,1,30-50003288-6,7831244,3,59,
98,420231000000,2024-05-05,FA-4-1083,POAL,1,30-50000012-7,166819,5,95,
99,420231000000,2024-05-05,FA-3-65465,AUCHPOAL,2,30-50000012-7,7399240,3,64,
100,533089,2024-05-05,FA-3-65474,POAL,1,30-50003196-0,1762218,3,45,
101,2248469,2024-05-05,FA-3-65464,AUCH,1,30-52750816-5,10475709,3,71,
102,6631620,2024-05-05,FA-3-65458,AUCH,1,30-50005031-0,661089752,3,84,
103,6631480,2024-05-05,FA-3-65459,AUCH,1,30-50005031-0,66773925,3,29,
104,54016,2024-05-05,FA-3-65456,POCH,1,30-51830942-7,5421714,3,30,
105,1448188,2024-05-05,FA-3-65447,AUPOCH,2,30-50006577-6,2730074,7,32,
106,1443567,2024-05-05,FA-3-65448,POAL,1,30-50006577-6,2587850,7,85,
107,1448476,2024-05-05,FA-3-65449,POCH,1,30-50006577-6,2602572,7,53,
108,3929063,2024-05-05,FA-3-65450,AUCH,1,33-50003806-9,12542857,1,100,
109,3930049,2024-05-05,FA-3-65451,AUCH,1,33-50003806-9,12572946,1,34,
110,5010150000000,2024-05-06,FA-3-65506,AUPOCH,2,30-66320562-1,53879611,3,85,
111,5010000000000,2024-05-06,FA-3-65507,POCH,1,30-66320562-1,20983301,3,75,
112,5010150000000,2024-05-06,FA-3-65508,POAL,1,30-66320562-1,58301501,3,84,
113,5010150000000,2024-05-06,FA-3-65509,AUCH,1,30-66320562-1,58358701,3,85,
114,5010150000000,2024-05-06,FA-3-65510,POAL,1,30-66320562-1,53738811,3,45,
115,5330970000000,2024-05-06,FA-3-65511,AUCH,1,30-66320562-1,19915110,3,83,
116,4550800000000,2024-05-06,FA-3-65512,AUCH,1,30-66320562-1,41459012,3,36,
117,5010150000000,2024-05-06,FA-3-65513,POAL,1,30-66320562-1,55480309,3,45,
118,2502155,2024-05-06,FA-3-65517,POCH,1,34-50004533-9,31669940,3,81,
119,2381317,2024-05-06,FA-3-65518,AUCH,1,34-50004533-9,31517828,3,84,
120,2502445,2024-05-06,FA-3-65519,AUCH,1,34-50004533-9,31472632,3,95,
121,3900100,2024-05-06,FA-3-65525,AUCH,1,30-50003578-8,9004021,1,72,
122,407296,2024-05-06,FA-3-65515,POAL,1,30-50005116-3,14124348,3,45,
123,406802,2024-05-06,FA-3-65516,POCH,1,30-50005116-3,14128512,3,83,
124,2383303,2024-05-06,FA-3-65521,POCH,1,30-50003691-1,514904656,3,83,
125,2343467,2024-05-06,FA-3-65522,POAL,1,30-50003691-1,514323698,3,59,
126,2330545,2024-05-06,FA-3-65523,POCH,1,30-50003691-1,514498869,3,30,
127,2330083,2024-05-06,FA-3-65524,AUPOCH,2,30-50003691-1,514538133,3,85,
128,3145702,2024-05-06,FA-3-65497,AUCH,1,30-50001770-4,56802745,3,5,
129,3149720,2024-05-06,FA-3-65498,AUCH,1,30-50001770-4,36836448,3,5,
130,3143312,2024-05-06,FA-3-65499,AUPOCH,3,30-50001770-4,56582714,3,99,
131,162682,2024-05-06,FA-3-65490,AUCHPOAL,2,30-50004359-4,926417,1,47,
132,162740,2024-05-06,FA-3-65491,AUPOCH,3,30-50004359-4,909452,1,81,
133,533635,2024-05-06,FA-3-65520,AUPOCH,2,30-50003196-0,1784533,3,83,
134,6631513,2024-05-06,FA-3-65501,POAL,1,30-50005031-0,529906812,3,95,
135,6628641,2024-05-06,FA-3-65502,AUCHPOAL,2,30-50005031-0,66557272,3,85,
136,6630842,2024-05-06,FA-3-65503,POCH,1,30-50005031-0,529699742,3,82,
137,6631489,2024-05-06,FA-3-65504,POCH,1,30-50005031-0,66654642,3,37,
138,6627970,2024-05-06,FA-3-65505,POCH,1,30-50005031-0,66842228,3,83,
139,53515,2024-05-06,FA-3-65500,POCH,1,30-51830942-7,533172,3,35,
140,1589899,2024-05-06,FA-4-1084,POCH,1,30-50005666-1,9015771,1,3,
141,1588993,2024-05-06,FA-4-1085,POCH,1,30-50005666-1,8927265,1,88,
142,1448735,2024-05-06,FA-3-65487,AUPOCH,2,30-50006577-6,2750024,7,21,
143,1448957,2024-05-06,FA-3-65489,POCH,1,30-50006577-6,2637486,7,37,
144,3932199,2024-05-06,FA-3-65492,AUPOCH,2,33-50003806-9,12710266,1,86,
145,3931417,2024-05-06,FA-3-65493,POCH,1,33-50003806-9,12630571,1,4,
146,2362698,2024-05-06,FA-3-65494,AUPOCH,2,30-50004717-4,2711321,1,81,
147,3548998,2024-05-06,FA-3-65495,AUCH,1,30-50004717-4,2819873,1,103,
148,3435098,2024-05-06,FA-3-65496,AUCH,1,30-50004717-4,2819961,1,95,
149,616025,2024-05-06,FA-3-65526,AUCHPOAL,2,30-67856116-5,2096108,8,85,
150,661791,2024-05-06,FA-3-65527,AUPOCH,2,30-67856116-5,2197883,8,83,
151,12280000000000,2024-05-06,FA-3-65514,POCH,1,30-71459054-1,18228106,3,82,
152,5010150000000,2024-05-08,FA-3-65537,AUCH,1,30-66320562-1,53738812,3,45,Cobertura 90%
153,5010150000000,2024-05-08,FA-3-65564,AUCH,1,30-66320562-1,52881012,3,45,
154,5010150000000,2024-05-08,FA-3-65565,POAL,1,30-66320562-1,56397306,3,29,
155,5010000000000,2024-05-08,FA-3-65566,POCH,1,30-66320562-1,55182008,3,74,
156,5010150000000,2024-05-08,FA-3-65567,AUPOCH,2,30-66320562-1,46884306,3,99,
157,5010150000000,2024-05-08,FA-3-65568,AUCH,1,30-66320562-1,57961703,3,2,
158,5010150000000,2024-05-08,FA-3-65569,POAL,1,30-66320562-1,55762707,3,86,
159,4500000000000,2024-05-08,FA-3-65570,POAL,1,30-66320562-1,56465910,3,45,
160,2381773,2024-05-08,FA-3-65576,POAL,3,34-50004533-9,31412208,3,58,
161,2382763,2024-05-08,FA-3-65577,AUPOCH,2,34-50004533-9,31177587,3,84,
162,2382041,2024-05-08,FA-3-65578,AUPOCH,2,34-50004533-9,31399320,3,83,
163,3901199,2024-05-08,FA-3-65584,AUCHPOAL,3,30-50003578-8,8973687,1,84,
164,2003380301,2024-05-08,FA-4-1086,POAL,1,30-50004946-0,683513,2,103,
165,2003350446,2024-05-08,FA-4-1087,POCH,1,30-50004946-0,784386,6,100,
166,408383,2024-05-08,FA-3-65573,POAL,1,30-50005116-3,15246337,3,84,
167,406521,2024-05-08,FA-3-65574,AUCH,1,30-50005116-3,14065673,3,83,
168,401854,2024-05-08,FA-3-65575,AUPOCH,2,30-50005116-3,14125362,3,74,
169,2463388,2024-05-08,FA-3-65579,POAL,1,30-50003691-1,514444742,3,103,
170,2463292,2024-05-08,FA-3-65580,POAL,1,30-50003691-1,514911691,3,104,
171,2017789,2024-05-08,FA-3-65581,AUCH,1,30-50003691-1,514396577,3,81,
172,2339094,2024-05-08,FA-3-65582,AUPOCH,2,30-50003691-1,514902285,3,83,
173,2343507,2024-05-08,FA-3-65583,AUPOCH,2,30-50003691-1,514809664,3,65,
174,3149132,2024-05-08,FA-3-65545,AUPOCH,2,30-50001770-4,56881839,1,96,
175,3149948,2024-05-08,FA-3-65546,POCH,1,30-50001770-4,56866489,1,6,
176,3138898,2024-05-08,FA-3-65547,POAL,3,30-50001770-4,56961978,3,31,
177,3149926,2024-05-08,FA-3-65548,AUPOCH,2,30-50001770-4,57225358,3,85,
178,2877382,2024-05-08,FA-3-65549,AUCH,1,30-50001770-4,55977255,3,95,
179,3150704,2024-05-08,FA-3-65550,POCH,1,30-50001770-4,56745679,3,81,
180,3144465,2024-05-08,FA-3-65551,AUCH,1,30-50001770-4,57185069,3,47,
181,420231000000,2024-05-08,FA-4-1039,AUCH,1,30-50000012-7,165590,5,38,
182,394443,2024-05-08,FA-3-65556,POCH,1,30-50004045-5,3815988,3,34,
183,16173,2024-05-08,FA-3-65553,POCH,1,30-50003226-6,1123226,3,29,
184,91414750,2024-05-08,FA-4-1095,POCH,1,30-50004977-0,167559,5,74,
185,2249556,2024-05-08,FA-3-65554,AUCH,1,30-52750816-5,10452051,3,85,
186,2248027,2024-05-08,FA-3-65555,AUPOCH,2,30-52750816-5,10422311,3,43,
187,1077659,2024-05-08,FA-3-65557,AUCH,1,30-50005031-0,664689000,1,103,
188,6631931,2024-05-08,FA-3-65558,POCH,1,30-50005031-0,621929402,3,84,
189,6630678,2024-05-08,FA-3-65559,AUPOCH,2,30-50005031-0,62789972,3,83,Cobertura 50%
190,6630853,2024-05-08,FA-3-65560,AUCH,1,30-50005031-0,66383032,3,81,
191,6631857,2024-05-08,FA-3-65561,POAL,1,30-50005031-0,66607752,3,84,
192,6630298,2024-05-08,FA-3-65562,POAL,1,30-50005031-0,66639982,3,95,
193,6631781,2024-05-08,FA-3-65563,POCH,1,30-50005031-0,621431342,3,83,
194,53694,2024-05-08,FA-3-65552,POCH,1,30-51830942-7,5284004,3,103,
195,170124635,2024-05-08,FA-4-1094,POAL,3,30-50003639-3,167812,5,51,
196,1590394,2024-05-08,FCEA-4-311,POAL,1,30-50005666-1,9047995,1,101,
197,1575043,2024-05-08,FA-4-1088,POCH,1,30-50005666-1,9030509,1,31,
198,1586320,2024-05-08,FA-4-1089,AUCH,1,30-50005666-1,8960112,1,72,
199,1585734,2024-05-08,FA-4-1090,POCH,1,30-50005666-1,9110306,1,31,
200,1578828,2024-05-08,FA-4-1091,AUPOCH,2,30-50005666-1,9004120,1,43,
201,1579793,2024-05-08,FA-4-1092,AUPOCH,2,30-50005666-1,9186432,1,31,
202,1451023,2024-05-08,FA-3-65539,POCH,1,30-50006577-6,2820613,7,33,
203,1448915,2024-05-08,FA-3-65540,AUPOCH,2,30-50006577-6,2784449,7,74,
204,1406016,2024-05-08,FA-3-65541,POCH,1,30-50006577-6,2784321,7,31,
205,1450910,2024-05-08,FA-3-65542,AUPOCH,2,30-50006577-6,2830186,7,71,
206,3927421,2024-05-08,FA-3-65543,POCH,1,33-50003806-9,12639572,1,30,
207,3895430,2024-05-08,FA-3-65544,POAL,1,33-50003806-9,12458965,1,85,
208,644576,2024-05-08,FA-3-65585,POAL,1,30-67856116-5,2224174,8,33,
209,12280000000000,2024-05-08,FA-3-65571,AUPOCH,2,30-71459054-1,22228701,3,89,
210,12280000000000,2024-05-08,FA-3-65572,AUCH,1,30-71459054-1,16045309,3,95,
211,5010150000000,2024-05-08,NCA-3-1102,POAL,1,30-66320562-1,53738811,3,45,
212,5010150000000,2024-05-09,FA-3-65603,AUPOCH,3,30-66320562-1,57929002,3,75,
213,5010150000000,2024-05-09,FA-3-65604,AUCH,1,30-66320562-1,57381903,3,29,
214,5010150000000,2024-05-09,FA-3-65605,AUCH,1,30-66320562-1,56635305,3,86,
215,5010150000000,2024-05-09,FA-3-65606,POAL,1,30-66320562-1,58713901,3,59,
216,2383515,2024-05-09,FA-3-65607,AUPOCH,2,34-50004533-9,31482204,3,83,
217,2382610,2024-05-09,FA-3-65608,POCH,1,34-50004533-9,31430311,3,83,
218,2383737,2024-05-09,FA-3-65609,POCH,1,34-50004533-9,31411374,3,29,
219,2003379569,2024-05-09,FA-4-1096,POAL,1,30-50004946-0,167697,5,7,
220,474448,2024-05-09,FA-3-65591,AUCH,1,30-70496198-3,3593953,3,81,
221,474279,2024-05-09,FA-3-65592,POAL,1,30-70496198-3,3624175,3,95,
222,162681,2024-05-09,FA-3-65588,POCH,1,30-50004359-4,916956,1,84,
223,394059,2024-05-09,FA-3-65593,AUCH,1,30-50004045-5,3947806,3,45,
224,42401511371,2024-05-09,FA-3-65610,AUCH,1,30-50003721-7,178447,4,2,
225,91413517,2024-05-09,FA-4-1097,POAL,1,30-50004977-0,167986,5,95,
226,6623028,2024-05-09,FA-3-65594,AUCHPOAL,3,30-50005031-0,52980889,3,83,
227,6631870,2024-05-09,FA-3-65595,POCH,1,30-50005031-0,66776772,3,33,
228,6632290,2024-05-09,FA-3-65596,AUCH,1,30-50005031-0,66567872,3,81,
229,6631734,2024-05-09,FA-3-65597,POCH,1,30-50005031-0,66537452,3,73,Cobertura 90%
230,6631813,2024-05-09,FA-3-65598,POCH,1,30-50005031-0,66459012,3,90,
231,6625945,2024-05-09,FA-3-65599,POAL,1,30-50005031-0,66792302,3,64,
232,6628546,2024-05-09,FA-3-65600,AUCH,1,30-50005031-0,66808862,3,81,
233,6630679,2024-05-09,FA-3-65601,POAL,1,30-50005031-0,66190022,3,81,Cobertura 90%
234,6632294,2024-05-09,FA-3-65602,POCH,1,30-50005031-0,66180572,3,83,
235,1589727,2024-05-09,FA-4-1098,POAL,3,30-50005666-1,9142690,1,105,
236,1590064,2024-05-09,FA-4-1099,POAL,2,30-50005666-1,9121756,1,74,
237,1591251,2024-05-09,FA-4-1100,AUCHPOAL,2,30-50005666-1,9114852,1,96,
238,1590945,2024-05-09,FA-4-1101,AUPOCH,2,30-50005666-1,9187032,1,31,
239,420231000000,2024-05-09,FA-4-1102,AUCH,1,30-50000012-7,168219,5,95,
240,3786998,2024-05-09,FA-3-65589,POCH,1,30-50004717-4,2822561,1,83,
241,3766598,2024-05-09,FA-3-65590,POCH,1,30-50004717-4,2824461,1,71,
242,5010000000000,2024-05-12,FA-3-65621,POCH,1,30-66320562-1,56043107,3,82,
243,5010150000000,2024-05-12,FA-3-65622,POAL,1,30-66320562-1,57282804,3,7,
244,5010150000000,2024-05-12,FA-3-65623,AUCH,1,30-66320562-1,57637603,3,33,
245,2330610,2024-05-12,FA-3-65624,AUCH,1,30-50003691-1,514808868,3,43,
246,2330782,2024-05-12,FA-3-65625,POCH,1,30-50003691-1,514621786,3,81,
247,3151679,2024-05-12,FA-3-65615,POCH,2,30-50001770-4,57181179,1,84,
248,162804,2024-05-12,FA-3-65616,AUPOCH,2,30-50004359-4,931868,1,35,
249,162698,2024-05-12,FA-3-65617,POAL,1,30-50004359-4,917866,1,91,
250,6632003,2024-05-12,FA-3-65619,POAL,1,30-50005031-0,66322629,3,84,
251,6631739,2024-05-12,FA-3-65620,AUCH,1,30-50005031-0,66786302,3,99,
252,1590660,2024-05-12,FA-4-1103,AUPOCH,2,30-50005666-1,9068289,1,31,
253,1572461,2024-05-12,FA-4-1104,AUPOCH,2,30-50005666-1,9162155,1,44,
254,1591668,2024-05-12,FA-4-1105,POCH,1,30-50005666-1,9107749,1,31,
255,1587989,2024-05-12,FA-4-1106,POCH,1,30-50005666-1,9147164,1,74,
256,1452233,2024-05-12,FA-3-65614,AUCH,1,30-50006577-6,2715827,7,81,
257,3703898,2024-05-12,FA-3-65618,AUCH,1,30-50004717-4,2826901,1,33,
258,2003385996,2024-05-12,FA-4-1107,POCH,1,30-50004946-0,686457,2,77,
259,91410991,2024-05-12,FA-4-1108,AUPOCH,2,30-50004977-0,168116,5,106,
260,1590600,2024-05-12,FA-4-1109,POAL,2,30-50005666-1,9102614,1,71,
261,1591214,2024-05-12,FA-4-1110,AUPOCH,2,30-50005666-1,9144544,1,107,
262,5010150000000,2024-05-13,FA-3-65649,AUCH,1,30-66320562-1,34939801,3,84,
263,5150130000000,2024-05-13,FA-3-65650,AUPOCH,2,30-66320562-1,18073312,3,81,
264,5010150000000,2024-05-13,FA-3-65651,AUCH,1,30-66320562-1,57471102,3,3,
265,5010150000000,2024-05-13,FA-3-65652,AUCH,1,30-66320562-1,58075703,3,29,
266,5010150000000,2024-05-13,FA-3-65653,POAL,1,30-66320562-1,57072602,3,95,
267,5010150000000,2024-05-13,FA-3-65654,AUPOCH,2,30-66320562-1,20818303,3,18,
268,5010150000000,2024-05-13,FA-3-65655,AUPOCH,2,30-66320562-1,55413803,3,75,
269,2383906,2024-05-13,FA-3-65656,AUCH,1,34-50004533-9,31520639,3,95,
270,2383712,2024-05-13,FA-3-65657,AUCH,1,34-50004533-9,31499907,3,95,
271,2380966,2024-05-13,FA-3-65658,AUCH,1,34-50004533-9,31526850,3,43,
272,2420986,2024-05-13,FA-3-65659,POCH,1,30-50003691-1,514606914,3,78,
273,3140448,2024-05-13,FA-3-65639,POAL,1,30-50001770-4,56783493,7,33,
274,3150651,2024-05-13,FA-3-65640,AUPOCH,2,30-50001770-4,57042367,3,22,
275,3151482,2024-05-13,FA-3-65641,AUPOCH,2,30-50001770-4,57302659,3,105,
276,3151452,2024-05-13,FA-3-65642,POAL,1,30-50001770-4,57390606,3,96,
277,2876289,2024-05-13,FA-3-65643,POAL,1,30-50001770-4,56127594,3,95,
278,3152606,2024-05-13,FA-3-65644,AUCHPOAL,2,30-50001770-4,56857536,3,95,
279,643690001,2024-05-13,FA-3-65645,AUCH,1,30-50003288-6,7801385,3,85,
280,162341,2024-05-13,FA-3-65632,POAL,1,30-50004359-4,908598,1,61,
281,162818,2024-05-13,FA-3-65633,POAL,3,30-50004359-4,925108,1,75,
282,420231000000,2024-05-13,FA-3-65660,POCH,1,30-50000012-7,7453440,1,83,
283,420231000000,2024-05-13,FA-3-65661,AUCH,1,30-50000012-7,7453437,1,83,
284,640775,2024-05-13,FA-3-65637,AUPOCH,2,30-50004045-5,3925383,1,97,
285,394081,2024-05-13,FA-3-65638,AUPOCH,2,30-50004045-5,3827975,3,81,
286,91402278,2024-05-13,FA-3-65630,AUCH,1,30-50004977-0,159974,1,83,
287,6623209,2024-05-13,FA-3-65646,AUCH,1,30-50005031-0,62227354,1,64,
288,6632420,2024-05-13,FA-3-65647,POAL,1,30-50005031-0,66104282,3,44,
289,6632496,2024-05-13,FA-3-65648,AUCH,1,30-50005031-0,66601102,3,81,
290,54184,2024-05-13,FA-3-65636,POCH,1,30-51830942-7,5420174,3,37,
291,1591651,2024-05-13,FA-4-1111,AUPOCH,2,30-50005666-1,9198642,1,31,
292,1564303,2024-05-13,FA-4-1112,POAL,1,30-50005666-1,8963187,1,83,
293,1435963,2024-05-13,FA-3-65631,AUCH,1,30-50006577-6,2839341,1,66,
294,3827198,2024-05-13,FA-3-65634,AUCH,1,30-50004717-4,2825393,1,96,
295,3730898,2024-05-13,FA-3-65635,AUPOCH,2,30-50004717-4,2830551,1,96,
296,662470,2024-05-13,FA-3-65662,POAL,1,30-67856116-5,2291401,8,54,
297,2003385996,2024-05-13,NCA-4-20,POCH,1,30-50004946-0,686457,2,77,
298,5010150000000,2024-05-14,FA-3-65673,AUPOCH,2,30-66320562-1,56953304,3,85,
299,5010150000000,2024-05-14,FA-3-65674,AUCH,1,30-66320562-1,20797902,3,39,
300,5010150000000,2024-05-14,FA-3-65675,POAL,1,30-66320562-1,53528612,3,29,
301,2382803,2024-05-14,FA-3-65676,POCH,1,34-50004533-9,31523653,3,34,
302,2383299,2024-05-14,FA-3-65677,AUCH,1,34-50004533-9,31476760,3,81,
303,2003362093,2024-05-14,FA-4-1113,POCH,1,30-50004946-0,178511,4,83,
304,420231000000,2024-05-14,FA-3-65678,POCH,1,30-50000012-7,178529,4,84,
305,383075,2024-05-14,FA-3-65670,AUCH,1,30-50004045-5,3772152,3,83,
306,395884,2024-05-14,FA-3-65671,POCH,1,30-50004045-5,3917771,3,37,
307,394057,2024-05-14,FA-3-65672,AUCH,1,30-50004045-5,3864243,3,81,
308,306656,2024-05-14,FA-3-65665,POAL,1,30-50003226-6,1145985,1,27,
309,91416277,2024-05-14,FA-4-1114,AUPOCH,2,30-50004977-0,168442,5,67,
310,91415105,2024-05-14,FA-4-1115,AUCH,1,30-50004977-0,168037,5,95,
311,91410932,2024-05-14,FA-4-1116,AUCH,1,30-50004977-0,167543,5,65,
312,1451120,2024-05-14,FA-3-65666,AUCH,1,30-50006577-6,2510675,7,103,
313,1438920,2024-05-14,FA-3-65667,AUPOCH,2,30-50006577-6,2684720,7,3,
314,1452816,2024-05-14,FA-3-65668,AUCH,1,30-50006577-6,2717926,7,31,
315,3933211,2024-05-14,FA-3-65669,AUCH,1,33-50003806-9,12640275,1,79,
316,5010150000000,2024-05-15,FA-3-65695,AUPOCH,2,30-66320562-1,20831203,3,103,
317,5010150000000,2024-05-15,FA-3-65696,AUCH,1,30-66320562-1,57252704,3,43,
318,2384236,2024-05-15,FA-3-65697,POCH,1,34-50004533-9,31497698,3,86,
319,3150371,2024-05-15,FA-3-65683,POAL,1,30-50001770-4,57298406,1,60,
320,2864703,2024-05-15,FA-3-65684,POAL,1,30-50001770-4,56537774,1,87,
321,3153973,2024-05-15,FA-3-65685,AUPOCH,2,30-50001770-4,57047127,1,103,
322,3143961,2024-05-15,FA-3-65686,POCH,1,30-50001770-4,56664956,1,97,
323,3145230,2024-05-15,FA-3-65687,AUCH,1,30-50001770-4,56751692,3,19,
324,644313001,2024-05-15,FA-3-65688,AUPOCH,2,30-50003288-6,7865152,3,38,
325,393346,2024-05-15,FA-3-65689,AUCH,1,30-50004045-5,3784731,3,95,
326,395688,2024-05-15,FA-3-65690,AUCH,1,30-50004045-5,3959962,3,45,
327,6631848,2024-05-15,FA-3-65691,POAL,1,30-50005031-0,66315472,3,95,
328,6632127,2024-05-15,FA-3-65692,AUPOCH,2,30-50005031-0,529830682,3,86,
329,6631329,2024-05-15,FA-3-65693,AUCH,1,30-50005031-0,66392792,3,48,
330,6628474,2024-05-15,FA-3-65694,AUPOCH,2,30-50005031-0,66147142,3,29,Cobertura 90%
331,3727598,2024-05-15,FA-3-65682,AUCH,1,30-50004717-4,2831031,1,99,
332,661713,2024-05-15,FA-3-65698,POCH,1,30-67856116-5,2294628,1,44,
333,5010110000000,2024-05-16,FA-3-65716,AUCH,1,30-66320562-1,95953013,3,59,
334,5010150000000,2024-05-16,FA-3-65717,AUPOCH,2,30-66320562-1,56662902,3,85,
335,5010150000000,2024-05-16,FA-3-65718,POAL,1,30-66320562-1,58592701,3,103,
336,5010150000000,2024-05-16,FA-3-65719,AUCH,1,30-66320562-1,58564501,3,95,
337,5010000000000,2024-05-16,FA-3-65720,AUCH,1,30-66320562-1,55622108,3,83,
338,2383985,2024-05-16,FA-3-65722,POCH,1,34-50004533-9,31496491,3,90,
339,2003391573,2024-05-16,FA-4-1119,POCH,1,30-50004946-0,687525,2,74,
340,2003389988,2024-05-16,FA-4-1120,POAL,1,30-50004946-0,689539,2,59,
341,419371,2024-05-16,FA-3-65721,AUPOCH,2,30-50005116-3,15245665,3,100,
342,407810,2024-05-16,FA-3-65723,POAL,1,30-50005116-3,15237196,3,91,
343,3149946,2024-05-16,FA-3-65704,AUCH,1,30-50001770-4,56754275,1,44,
344,3153576,2024-05-16,FA-3-65705,AUCH,1,30-50001770-4,57090293,1,96,
345,3150730,2024-05-16,FA-3-65706,AUPOCH,2,30-50001770-4,56846936,1,8,
346,644967192,2024-05-16,FA-3-65710,POCH,1,30-50003288-6,7765435,1,71,
347,644366002,2024-05-16,FA-3-65711,POCH,1,30-50003288-6,7733131,3,65,
348,162828,2024-05-16,FA-3-65708,POAL,1,30-50004359-4,928925,1,103,
349,395415,2024-05-16,FA-3-65712,POAL,1,30-50004045-5,3930840,3,91,
350,1531376,2024-05-16,FA-3-65707,POAL,1,30-50006171-1,11313127,6,45,
351,6632641,2024-05-16,FA-3-65713,AUPOCH,2,30-50005031-0,87412162,3,37,
352,6631068,2024-05-16,FA-3-65714,POCH,1,30-50005031-0,66229542,3,84,
353,6630953,2024-05-16,FA-3-65715,AUCH,1,30-50005031-0,66377732,3,81,
354,1591569,2024-05-16,FA-4-1117,AUCH,1,30-50005666-1,9072351,1,5,
355,1585632,2024-05-16,FA-4-1118,POCH,1,30-50005666-1,8943473,1,34,
356,3921498,2024-05-16,FA-3-65709,POCH,1,30-50004717-4,2833771,1,75,
357,63595001,2024-05-16,FA-3-65728,AUCH,1,30-69940815-4,441793,3,34,
358,4500000000000,2024-05-16,FA-3-65730,POCH,1,30-66320562-1,56832401,3,29,
359,5010150000000,2024-05-16,FA-3-65731,POAL,1,30-66320562-1,20903912,3,2,
360,4500000000000,2024-05-16,FA-3-65732,AUCHPOAL,2,30-66320562-1,66731908,3,23,
361,2503930,2024-05-16,FA-3-65733,AUCH,1,34-50004533-9,31738836,3,86,
362,2383165,2024-05-16,FA-3-65734,POCH,1,30-50003691-1,514900122,3,81,
363,644224001,2024-05-16,FA-3-65729,POCH,1,30-50003288-6,7769518,3,106,
364,91417148,2024-05-16,FA-4-1124,POCH,1,30-50004977-0,169000,5,71,
365,170124676,2024-05-16,FA-4-1123,AUCH,1,30-50003639-3,169005,5,22,
366,1591467,2024-05-16,FCEA-4-312,POAL,3,30-50005666-1,8912999,1,44,
367,1591039,2024-05-16,FA-4-1121,POCH,1,30-50005666-1,8942191,1,84,
368,1592068,2024-05-16,FA-4-1122,POAL,3,30-50005666-1,8926724,1,76,
369,1587982,2024-05-16,FA-4-1125,POAL,2,30-50005666-1,8906566,1,83,
370,1581212,2024-05-16,FA-4-1126,POAL,1,30-50005666-1,9099342,1,103,
371,1591883,2024-05-16,FA-4-1127,POAL,1,30-50005666-1,9256463,1,81,
372,1592122,2024-05-16,FA-4-1128,POCH,1,30-50005666-1,8910746,1,36,
373,3145230,2024-05-19,FA-3-65736,POCH,1,30-50001770-4,56751692,3,19,
374,3145230,2024-05-19,FA-3-65737,AUPOCH,2,30-50001770-4,56751693,3,19,Cobertura 60%
375,91417661,2024-05-19,FA-4-1132,AUCHPOAL,2,30-50004977-0,169296,5,45,
376,1591238,2024-05-19,FA-4-1129,AUPOCH,2,30-50005666-1,9302884,1,92,
377,1591284,2024-05-19,FA-4-1130,POCH,1,30-50005666-1,8974474,1,22,
378,1590978,2024-05-19,FA-4-1131,POCH,1,30-50005666-1,8805348,1,108,
379,3145230,2024-05-19,NCA-3-1104,AUCH,1,30-50001770-4,56751692,3,19,
380,3145230,2024-05-19,NCA-3-1105,AUCH,1,30-50001770-4,56751692,3,19,
381,5010150000000,2024-05-20,FA-3-65747,AUCH,1,30-66320562-1,58163902,3,95,
382,5010150000000,2024-05-20,FA-3-65748,AUPOCH,2,30-66320562-1,55969408,3,108,
383,2499775,2024-05-20,FA-3-65749,AUCH,1,34-50004533-9,31633674,3,81,
384,2378671,2024-05-20,FA-3-65750,POAL,1,34-50004533-9,31412263,3,20,
385,1065669,2024-05-20,FA-3-65752,AUCH,1,30-50005710-2,2131338,1,103,
386,2331057,2024-05-20,FA-3-65751,POAL,1,30-50003691-1,514502479,3,95,
387,642536001,2024-05-20,FA-3-65743,AUCH,1,30-50003288-6,7839859,3,95,
388,644192001,2024-05-20,FA-3-65744,POCH,1,30-50003288-6,7745122,3,36,
389,91416218,2024-05-20,FA-3-65740,POCH,1,30-50004977-0,161336,1,81,
390,2252830,2024-05-20,FA-3-65753,POAL,1,30-52750816-5,10178946,4,83,
391,6622053,2024-05-20,FA-3-65745,AUCH,1,30-50005031-0,66547161,3,81,
392,6633230,2024-05-20,FA-3-65746,AUPOCH,2,30-50005031-0,622097592,3,85,
393,1452789,2024-05-20,FA-3-65741,POCH,1,30-50006577-6,2537912,7,5,
394,1453409,2024-05-20,FA-3-65742,POAL,1,30-50006577-6,2522973,7,68,
395,64091002,2024-05-20,FA-3-65762,AUCH,1,30-69940815-4,445666,3,2,
396,5010150000000,2024-05-20,FA-3-65766,AUPOCH,2,30-66320562-1,54284211,3,85,
397,4550000000000,2024-05-20,FA-3-65767,AUCHPOAL,2,30-66320562-1,74031008,3,85,
398,5010000000000,2024-05-20,FA-3-65768,POCH,1,30-66320562-1,54580110,3,86,
399,5010150000000,2024-05-20,FA-3-65769,AUCH,1,30-66320562-1,56901803,3,34,
400,5010150000000,2024-05-20,FA-3-65770,AUCH,1,30-66320562-1,53540412,3,95,
401,5010150000000,2024-05-20,FA-3-65771,AUCH,1,30-66320562-1,19914011,3,55,
402,5010150000000,2024-05-20,FA-3-65772,POAL,1,30-66320562-1,56387202,3,85,
403,2384046,2024-05-20,FA-3-65774,POAL,1,34-50004533-9,31490818,3,28,
404,2383742,2024-05-20,FA-3-65775,POAL,2,34-50004533-9,31506520,3,31,
405,3901200,2024-05-20,FCEA-4-313,AUCHPOAL,5,30-50003578-8,8593462,1,96,
406,404789,2024-05-20,FA-3-65773,POCH,1,30-50005116-3,16977524,3,103,
407,2330884,2024-05-20,FA-3-65776,AUPOCH,2,30-50003691-1,514990223,3,71,
408,3154440,2024-05-20,FA-3-65758,POCH,1,30-50001770-4,65041522,3,83,
409,3154431,2024-05-20,FA-3-65759,POCH,1,30-50001770-4,56901096,3,84,
410,3151306,2024-05-20,FA-3-65760,POAL,1,30-50001770-4,65034949,3,29,
411,3153744,2024-05-20,FA-3-65761,POAL,1,30-50001770-4,56799337,3,95,
412,644793002,2024-05-20,FA-3-65763,AUCH,1,30-50003288-6,7697632,3,29,
413,162737,2024-05-20,FA-3-65756,POCH,1,30-50004359-4,930542,1,74,
414,533041,2024-05-20,FA-3-65777,AUCH,1,30-50003196-0,1776029,3,29,
415,395227,2024-05-20,FA-3-65764,AUCH,1,30-50004045-5,3886953,3,45,
416,892383,2024-05-20,FA-3-65755,POAL,1,30-50003226-6,1117126,1,47,
417,6614017,2024-05-20,FA-3-65765,AUCH,1,30-50005031-0,529266342,3,84,
418,1588863,2024-05-20,FA-4-1133,AUPOCH,2,30-50005666-1,9061422,1,33,
419,1571782,2024-05-20,FA-4-1134,POAL,1,30-50005666-1,8980462,1,48,
420,1593324,2024-05-20,FA-4-1135,AUPOCH,3,30-50005666-1,9013437,1,31,
421,1593456,2024-05-20,FA-4-1136,POCH,1,30-50005666-1,9054346,1,31,
422,1591684,2024-05-20,FA-4-1137,AUPOCH,2,30-50005666-1,9156196,1,34,
423,3899498,2024-05-20,FA-3-65757,POAL,1,30-50004717-4,2832222,1,75,
424,664251,2024-05-20,FA-3-65778,AUCHPOAL,2,30-67856116-5,2204137,1,109,
425,662961,2024-05-20,FA-3-65779,POAL,1,30-67856116-5,2268432,1,47,
426,5010150000000,2024-05-21,FA-3-65795,AUCH,1,30-66320562-1,54594211,3,86,
427,2382783,2024-05-21,FA-3-65796,AUCH,1,34-50004533-9,31382836,3,95,
428,2383652,2024-05-21,FA-3-65797,AUCH,1,34-50004533-9,31386970,3,83,
429,2331167,2024-05-21,FA-3-65798,POCH,1,30-50003691-1,514847875,3,81,
430,3156574,2024-05-21,FA-3-65786,AUPOCH,2,30-50001770-4,57094860,1,97,
431,3149633,2024-05-21,FA-3-65787,AUCH,1,30-50001770-4,57105851,1,81,
432,3150017,2024-05-21,FA-3-65788,POCH,1,30-50001770-4,56845141,3,83,
433,3149018,2024-05-21,FA-3-65789,AUCH,1,30-50001770-4,56635740,3,32,
434,392628,2024-05-21,FA-3-65790,AUCH,1,30-50004045-5,3804400,3,81,
435,396617,2024-05-21,FA-3-65791,AUCH,1,30-50004045-5,3768510,3,29,
436,6632780,2024-05-21,FA-3-65792,AUPOCH,2,30-50005031-0,66787702,3,99,
437,6632999,2024-05-21,FA-3-65793,AUCH,1,30-50005031-0,66735652,3,34,
438,6632685,2024-05-21,FA-3-65794,AUCH,1,30-50005031-0,66379682,3,37,
439,170124700,2024-05-21,FA-4-1141,AUCHPOAL,2,30-50003639-3,169601,5,87,
440,1591457,2024-05-21,FA-4-1138,AUCHPOAL,3,30-50005666-1,9196950,1,9,
441,1527887,2024-05-21,FA-4-1139,POCH,1,30-50005666-1,8654896,1,105,
442,1593384,2024-05-21,FA-4-1140,AUCHPOAL,2,30-50005666-1,9054018,1,103,
443,1453464,2024-05-21,FA-3-65784,AUCH,1,30-50006577-6,2564351,7,30,
444,1457247,2024-05-21,FA-3-65785,POCH,1,30-50006577-6,2548822,7,81,
445,4550000000000,2024-05-22,FA-3-65815,POAL,1,30-66320562-1,43878212,3,95,
446,5220120000000,2024-05-22,FA-3-65816,AUCH,1,30-66320562-1,21235810,3,95,
447,5140130000000,2024-05-22,FA-3-65817,AUPOCH,2,30-66320562-1,20590301,3,103,
448,5010150000000,2024-05-22,FA-3-65818,POAL,1,30-66320562-1,55116504,3,45,
449,5010150000000,2024-05-22,FA-3-65819,AUCH,1,30-66320562-1,54081412,3,83,
450,5010150000000,2024-05-22,FA-3-65820,AUPOCH,2,30-66320562-1,58068002,3,86,
451,5010150000000,2024-05-22,FA-3-65821,AUCH,1,30-66320562-1,56418306,3,81,
452,1247278,2024-05-22,FA-3-65805,AUCH,1,30-51541976-0,2403235,1,22,
453,2003374149,2024-05-22,FA-4-1148,AUCH,1,30-50004946-0,705830,6,22,
454,1066079,2024-05-22,FA-3-65823,AUCH,1,30-50005710-2,2132158,1,85,
455,2343586,2024-05-22,FA-3-65822,AUPOCH,2,30-50003691-1,514397840,3,45,
456,3150667,2024-05-22,FA-3-65807,AUCH,1,30-50001770-4,57290593,1,83,
457,2880833,2024-05-22,FA-3-65808,POAL,1,30-50001770-4,57386009,1,110,
458,3156994,2024-05-22,FA-3-65809,AUPOCH,2,30-50001770-4,57115590,3,85,
459,644903001,2024-05-22,FA-3-65810,AUCHPOAL,3,30-50003288-6,7747622,3,31,Se entregan medidas alternativas
460,420231000000,2024-05-22,FA-3-65825,AUCH,1,30-50000012-7,179207,4,103,
461,394936,2024-05-22,FA-3-65811,AUCH,1,30-50004045-5,3836812,3,95,
462,396630,2024-05-22,FA-3-65812,AUCH,1,30-50004045-5,3956749,3,31,
463,379605,2024-05-22,FA-3-65813,AUCH,1,30-50004045-5,3686168,3,95,
464,91415543,2024-05-22,FA-4-1146,POAL,1,30-50004977-0,169786,5,45,
465,91416357,2024-05-22,FA-4-1147,AUCH,1,30-50004977-0,168632,5,98,
466,2253800,2024-05-22,FA-3-65826,AUCHPOAL,2,30-52750816-5,10179106,4,31,
467,6633528,2024-05-22,FA-3-65814,AUPOCH,2,30-50005031-0,529818352,3,85,
468,170696329,2024-05-22,FA-4-1145,POAL,1,30-50003639-3,169253,5,64,
469,1593795,2024-05-22,FA-4-1142,AUCHPOAL,2,30-50005666-1,8956517,1,47,
470,1593415,2024-05-22,FA-4-1143,AUAL,1,30-50005666-1,8908189,1,87,
471,1588013,2024-05-22,FA-4-1144,AUPOCH,2,30-50005666-1,9084192,1,31,
472,1457269,2024-05-22,FA-3-65804,AUCH,1,30-50006577-6,2522543,7,45,
473,3930698,2024-05-22,FA-3-65806,POAL,1,30-50004717-4,2837481,1,88,
474,616025,2024-05-22,FA-3-65824,POAL,1,30-67856116-5,2096108,8,85,
475,2003456357,2024-05-30,FA-4-1149,POAL,1,30-50004946-0,722789,2,109,
476,91415908,2024-06-01,FA-4-1152,AUPOCH,2,30-50004977-0,170746,5,29,
477,63251001,2024-06-02,FA-3-65873,AUCH,1,30-69940815-4,2444291,3,92,
478,5010150000000,2024-06-02,FA-3-65902,AUCH,1,30-66320562-1,54724611,3,86,
479,5010150000000,2024-06-02,FA-3-65903,AUCH,1,30-66320562-1,21942906,3,81,
480,5010150000000,2024-06-02,FA-3-65904,AUCH,1,30-66320562-1,19810912,3,86,
481,5010150000000,2024-06-02,FA-3-65905,AUPOCH,2,30-66320562-1,56646904,3,85,
482,5010150000000,2024-06-02,FA-3-65906,POCH,1,30-66320562-1,19836612,3,102,
483,5010150000000,2024-06-02,FA-3-65907,POAL,1,30-66320562-1,57469902,3,45,
484,5250130000000,2024-06-02,FA-3-65908,AUCH,1,30-66320562-1,14519802,3,37,
485,5010000000000,2024-06-02,FA-3-65909,AUCHPOAL,3,30-66320562-1,10825802,3,31,
486,5010110000000,2024-06-02,FA-3-65910,AUCH,1,30-66320562-1,94699154,3,2,
487,5010000000000,2024-06-02,FA-3-65911,AUPOCH,2,30-66320562-1,55288809,3,31,
488,5010150000000,2024-06-02,FA-3-65912,AUPOCH,2,30-66320562-1,56453606,3,83,
489,5010150000000,2024-06-02,FA-3-65913,AUCH,1,30-66320562-1,58434302,3,95,
490,5010150000000,2024-06-02,FA-3-65914,POCH,1,30-66320562-1,57082002,3,29,
491,5010150000000,2024-06-02,FA-3-65915,AUCH,1,30-66320562-1,20985001,3,43,
492,4500000000000,2024-06-02,FA-3-65916,AUPOCH,2,30-66320562-1,46606009,3,107,
493,2370698,2024-06-02,FA-3-65921,POAL,1,34-50004533-9,31413039,3,10,
494,2385560,2024-06-02,FA-3-65922,AUCH,1,34-50004533-9,31504272,3,34,
495,2384301,2024-06-02,FA-3-65923,AUCHPOAL,2,34-50004533-9,31444026,3,29,
496,2382902,2024-06-02,FA-3-65924,AUCH,1,34-50004533-9,31524712,3,99,
497,2384126,2024-06-02,FA-3-65925,POCH,1,34-50004533-9,31515816,3,81,
498,3900398,2024-06-02,FA-3-65929,AUCH,1,30-50003578-8,8963365,1,29,
499,3901920,2024-06-02,FA-3-65930,POCH,1,30-50003578-8,8988664,1,97,
500,3901173,2024-06-02,FA-3-65931,POCH,1,30-50003578-8,8971279,1,65,
501,2003405674,2024-06-02,FA-4-1150,POAL,1,30-50004946-0,701996,2,47,
502,2003394972,2024-06-02,FA-4-1151,AUCH,1,30-50004946-0,691055,2,87,
503,1064389,2024-06-02,FA-3-65932,POCH,1,30-50005710-2,2128778,1,29,
504,1066084,2024-06-02,FA-3-65933,POAL,1,30-50005710-2,2132168,1,84,
505,1066193,2024-06-02,FA-3-65934,AUCH,1,30-50005710-2,2132386,1,83,
506,1064588,2024-06-02,FA-3-65935,POAL,1,30-50005710-2,2129176,1,45,
507,2331156,2024-06-02,FA-3-65926,POAL,1,30-50003691-1,514836438,3,109,
508,1012351,2024-06-02,FA-3-65927,POCH,1,30-50003691-1,514783829,3,32,
509,2335520,2024-06-02,FA-3-65928,AUCH,1,30-50003691-1,514681783,3,81,
510,2878347,2024-06-02,FA-3-65874,POAL,1,30-50001770-4,56891373,3,45,
511,3154813,2024-06-02,FA-3-65875,POCH,1,30-50001770-4,56791776,3,83,
512,3155325,2024-06-02,FA-3-65876,AUCH,1,30-50001770-4,57484258,3,95,
513,2880907,2024-06-02,FA-3-65877,POAL,1,30-50001770-4,56520068,3,95,
515,646022645,2024-06-02,FA-3-65878,POAL,1,30-50003288-6,7767835,1,11,
516,645688001,2024-06-02,FA-3-65879,POCH,1,30-50003288-6,7783062,3,81,
517,162997,2024-06-02,FA-3-65864,AUPOCH,3,30-50004359-4,932070,1,103,
518,163032,2024-06-02,FA-3-65865,POCH,1,30-50004359-4,932889,1,12,
519,420231000000,2024-06-02,FA-3-65918,POCH,1,30-50000012-7,7544334,3,103,
520,420231000000,2024-06-02,FA-3-65919,AUCH,1,30-50000012-7,178430,4,92,
521,420231000000,2024-06-02,FA-3-65920,POCH,1,30-50000012-7,178979,4,81,
522,394810,2024-06-02,FA-3-65880,POCH,1,30-50004045-5,3963348,3,30,
523,396583,2024-06-02,FA-3-65881,POCH,1,30-50004045-5,3841587,3,6,
524,396411,2024-06-02,FA-3-65882,POCH,1,30-50004045-5,3797963,3,29,
525,397929,2024-06-02,FA-3-65883,POAL,1,30-50004045-5,3745961,3,95,
526,397505,2024-06-02,FA-3-65884,POCH,1,30-50004045-5,3987588,3,29,
527,394768,2024-06-02,FA-3-65885,POAL,1,30-50004045-5,3869526,3,88,
528,398176,2024-06-02,FA-3-65886,AUCH,1,30-50004045-5,3764942,3,29,
529,91409785,2024-06-02,FA-4-1153,POAL,1,30-50004977-0,167724,5,59,
530,91419218,2024-06-02,FA-4-1154,POAL,1,30-50004977-0,170168,5,11,
531,6631665,2024-06-02,FA-3-65887,AUCHPOAL,2,30-50005031-0,66822872,3,109,
532,4096188,2024-06-02,FA-3-65888,AUCH,1,30-50005031-0,40884892,3,29,
533,6633113,2024-06-02,FA-3-65889,POCH,1,30-50005031-0,66732192,3,81,
534,6633727,2024-06-02,FA-3-65890,AUCH,1,30-50005031-0,66369228,3,74,Cobertura 90%
535,6631458,2024-06-02,FA-3-65891,AUCH,1,30-50005031-0,87062452,3,32,
536,6633864,2024-06-02,FA-3-65892,AUCH,1,30-50005031-0,66937302,3,86,
537,6631301,2024-06-02,FA-3-65893,AUCH,1,30-50005031-0,622424962,3,59,
538,6625486,2024-06-02,FA-3-65894,AUCH,1,30-50005031-0,66314032,3,84,
539,6634123,2024-06-02,FA-3-65895,AUCH,1,30-50005031-0,66383502,3,35,
540,6633976,2024-06-02,FA-3-65896,POAL,1,30-50005031-0,66673472,3,101,
541,6631786,2024-06-02,FA-3-65897,POAL,1,30-50005031-0,66636312,3,91,
542,6633651,2024-06-02,FA-3-65898,POCH,1,30-50005031-0,86774992,3,34,
543,6632697,2024-06-02,FA-3-65899,POCH,1,30-50005031-0,66828942,3,92,
544,6632465,2024-06-02,FA-3-65900,AUCH,1,30-50005031-0,40823742,3,93,Cobertura 90%
545,6633122,2024-06-02,FA-3-65901,AUCH,1,30-50005031-0,66487452,3,109,
546,54403,2024-06-02,FA-3-65872,AUCH,1,30-51830942-7,5432584,3,82,
547,1593720,2024-06-02,FA-4-1155,POCH,1,30-50005666-1,8933566,1,31,
548,1593545,2024-06-02,FA-4-1156,AUPOCH,2,30-50005666-1,9163948,1,6,
549,1592861,2024-06-02,FA-4-1157,POAL,1,30-50005666-1,9076817,1,13,
550,1593973,2024-06-02,FA-4-1158,AUPOCH,2,30-50005666-1,9087430,1,31,
551,1594473,2024-06-02,FA-4-1159,AUPOCH,3,30-50005666-1,8952913,1,31,
552,1571079,2024-06-02,FA-4-1160,POCH,1,30-50005666-1,9196862,1,43,
553,1592277,2024-06-02,FA-4-1161,POCH,1,30-50005666-1,9062817,1,31,
554,1587436,2024-06-02,FA-4-1162,AUCH,1,30-50005666-1,8957530,1,85,
555,1593742,2024-06-02,FA-4-1163,AUPOCH,2,30-50005666-1,8950147,1,3,
556,1460494,2024-06-02,FA-3-65858,AUCH,1,30-50006577-6,2639238,7,95,
557,1458989,2024-06-02,FA-3-65859,AUCHPOAL,2,30-50006577-6,2538977,7,47,
558,1449724,2024-06-02,FA-3-65860,POCH,1,30-50006577-6,2705158,7,44,
559,1458765,2024-06-02,FA-3-65861,POAL,1,30-50006577-6,2607819,7,47,
560,1459582,2024-06-02,FA-3-65862,AUCH,1,30-50006577-6,2627525,7,109,
561,1446782,2024-06-02,FA-3-65863,AUPOCH,2,30-50006577-6,2561988,7,85,
562,3935905,2024-06-02,FA-3-65869,AUCH,1,33-50003806-9,12640174,1,44,
563,3934003,2024-06-02,FA-3-65870,AUPOCH,2,33-50003806-9,12143526,1,85,
564,9021059,2024-06-02,FA-3-65871,AUCH,1,33-50003806-9,12968316,3,106,
565,3615098,2024-06-02,FA-3-65866,AUCH,1,30-50004717-4,2842351,1,13,
566,3944998,2024-06-02,FA-3-65867,AUCH,1,30-50004717-4,2846191,1,82,
567,3779898,2024-06-02,FA-3-65868,AUCH,1,30-50004717-4,2847221,1,83,
568,12280000000000,2024-06-02,FA-3-65917,AUCHPOAL,3,30-71459054-1,20020603,3,31,
569,191415908,2024-06-02,NCA-4-19,AUPOCH,2,30-50003639-3,170746,5,29,
570,63179001,2024-06-05,FA-3-65973,AUCH,1,30-69940815-4,4115951,3,83,
571,60424001,2024-06-05,FA-3-65974,AUCH,1,30-69940815-4,4075461,3,34,
572,5010150000000,2024-06-05,FA-3-65986,POAL,1,30-66320562-1,10403312,3,45,
573,4550800000000,2024-06-05,FA-3-65987,POAL,3,30-66320562-1,41866034,3,48,
574,5010150000000,2024-06-05,FA-3-65988,POCH,1,30-66320562-1,34494704,3,29,
575,5010150000000,2024-06-05,FA-3-65989,AUCH,1,30-66320562-1,16378906,3,83,
576,5010150000000,2024-06-05,FA-3-65990,AUCH,1,30-66320562-1,20536806,3,84,
577,5010150000000,2024-06-05,FA-3-65991,POCH,1,30-66320562-1,56239407,3,71,
578,5010150000000,2024-06-05,FA-3-65992,POCH,1,30-66320562-1,21042001,3,31,
579,5230130000000,2024-06-05,FA-3-65993,AUCH,1,30-66320562-1,25662211,3,95,
580,5010150000000,2024-06-05,FA-3-65994,POAL,1,30-66320562-1,54618310,3,45,
581,5010150000000,2024-06-05,FA-3-65995,POCH,1,30-66320562-1,57923604,3,102,
582,2499081,2024-06-05,FA-3-65996,POCH,1,34-50004533-9,31662327,3,33,
583,2385790,2024-06-05,FA-3-65997,POAL,1,34-50004533-9,31374505,3,91,
584,2384138,2024-06-05,FA-3-65998,AUPOCH,2,34-50004533-9,31420009,3,65,
585,2379690,2024-06-05,FA-3-65999,POCH,1,34-50004533-9,31454656,3,86,
586,2383537,2024-06-05,FA-3-66000,AUPOCH,2,34-50004533-9,31502828,3,97,
587,2383307,2024-06-05,FA-3-66001,AUPOCH,3,34-50004533-9,31511293,3,88,
588,2383923,2024-06-05,FA-3-66002,AUCH,1,34-50004533-9,31500297,3,74,
589,3902141,2024-06-05,FA-3-66012,AUPOCH,2,30-50003578-8,9003348,1,107,
590,1066863,2024-06-05,FA-3-66013,AUCHPOAL,2,30-50005710-2,2133726,1,74,
591,2331234,2024-06-05,FA-3-66004,AUCH,1,30-50003691-1,514877288,3,29,
592,2330925,2024-06-05,FA-3-66005,POAL,1,30-50003691-1,514266182,3,95,Cobertura 90%
593,2331624,2024-06-05,FA-3-66006,POAL,1,30-50003691-1,514867744,3,95,
594,2331208,2024-06-05,FA-3-66007,AUCH,1,30-50003691-1,514590329,3,86,
595,2463608,2024-06-05,FA-3-66008,AUCH,1,30-50003691-1,514995263,3,35,
596,2018922,2024-06-05,FA-3-66009,AUCH,1,30-50003691-1,514722146,3,95,Cobertura 90%
597,3383128,2024-06-05,FA-3-66010,POAL,1,30-50003691-1,514791664,3,59,
598,2331477,2024-06-05,FA-3-66011,POCH,1,30-50003691-1,514863879,3,29,
599,3158611,2024-06-05,FA-3-65966,AUCH,1,30-50001770-4,59823749,7,29,
600,2882366,2024-06-05,FA-3-65967,POAL,1,30-50001770-4,54983892,7,45,
601,3159028,2024-06-05,FA-3-65968,AUCH,1,30-50001770-4,57257051,1,85,
602,3161609,2024-06-05,FA-3-65969,AUCH,1,30-50001770-4,56988470,3,95,
603,3160664,2024-06-05,FA-3-65970,AUCH,1,30-50001770-4,57451699,3,95,
604,645883672,2024-06-05,FA-3-65975,POCH,2,30-50003288-6,7698354,1,84,
605,645070001,2024-06-05,FA-3-65976,POAL,1,30-50003288-6,7824926,3,45,
606,642514001,2024-06-05,FA-3-65977,AUCH,1,30-50003288-6,7734447,3,35,
607,642385684,2024-06-05,FA-3-65978,POCH,1,30-50003288-6,7404389,3,32,
608,163018,2024-06-05,FA-3-65959,POAL,1,30-50004359-4,919581,1,110,
609,163042,2024-06-05,FA-3-65960,POAL,3,30-50004359-4,922090,1,19,
610,162851,2024-06-05,FA-3-65961,AUCH,1,30-50004359-4,932048,1,47,
611,420231000000,2024-06-05,FA-4-1173,POCH,1,30-50000012-7,171183,5,19,
612,420231000000,2024-06-05,FA-3-66015,AUCH,1,30-50000012-7,179726,4,85,
613,536791,2024-06-05,FA-3-66003,AUCH,1,30-50003196-0,1844107,3,89,
614,399027,2024-06-05,FA-3-65979,AUCH,1,30-50004045-5,3986494,3,86,
615,17845,2024-06-05,FA-3-65955,POCH,1,30-50003226-6,1116652,1,35,
616,42401521186,2024-06-05,FA-3-66014,POCH,1,30-50003721-7,178920,4,79,
617,91421546,2024-06-05,FCEA-4-316,AUPOAL,2,30-50004977-0,171546,5,109,
618,91420814,2024-06-05,FA-4-1174,AUCH,1,30-50004977-0,171273,5,45,
619,91267067,2024-06-05,FA-3-65954,POCH,1,30-50004977-0,165878,6,40,
620,2253131,2024-06-05,FA-3-66016,POAL,1,30-52750816-5,10179040,4,45,
621,6633984,2024-06-05,FA-3-65980,POCH,1,30-50005031-0,622352372,3,36,
622,6634458,2024-06-05,FA-3-65981,AUPOCH,2,30-50005031-0,66511632,3,34,
623,6628760,2024-06-05,FA-3-65982,AUPOCH,2,30-50005031-0,519920052,3,8,Cobertura 80%
624,6634186,2024-06-05,FA-3-65983,AUCH,1,30-50005031-0,66772582,3,74,
625,6633487,2024-06-05,FA-3-65984,AUPOCH,2,30-50005031-0,66795252,3,106,
626,6616071,2024-06-05,FA-3-65985,AUCH,1,30-50005031-0,529499262,3,95,
627,54089,2024-06-05,FA-3-65971,AUCH,1,30-51830942-7,538000,3,29,
628,54430,2024-06-05,FA-3-65972,AUCH,1,30-51830942-7,5409534,3,81,
629,1936959,2024-06-05,FA-4-1164,AUPOCH,2,30-50005666-1,7037639,1,6,
630,1588958,2024-06-05,FA-4-1165,POCH,2,30-50005666-1,9195049,1,81,
631,1594473,2024-06-05,FA-4-1166,AUPOCH,2,30-50005666-1,8907511,1,44,
632,1594238,2024-06-05,FA-4-1167,POCH,1,30-50005666-1,9022201,1,31,
633,1595126,2024-06-05,FA-4-1168,AUCHPOAL,2,30-50005666-1,8931389,1,74,
634,1594478,2024-06-05,FA-4-1169,POAL,2,30-50005666-1,8980879,1,82,
635,1590839,2024-06-05,FA-4-1170,POCH,1,30-50005666-1,8963726,1,22,
636,1678239,2024-06-05,FA-4-1171,AUCHPOAL,3,30-50005666-1,1591578,1,97,
637,1591184,2024-06-05,FA-4-1172,AUPOCH,2,30-50005666-1,9145206,1,31,
638,1460137,2024-06-05,FA-3-65956,AUCH,1,30-50006577-6,2559628,7,73,
639,1463441,2024-06-05,FA-3-65957,AUCHPOAL,3,30-50006577-6,2765712,7,84,
640,1449785,2024-06-05,FA-3-65958,AUPOCH,3,30-50006577-6,2748957,7,34,
641,3841498,2024-06-05,FA-3-65962,AUPOCH,2,30-50004717-4,2846741,1,44,
642,4004698,2024-06-05,FA-3-65963,AUCH,1,30-50004717-4,2852422,1,34,
643,3451598,2024-06-05,FA-3-65964,POCH,1,30-50004717-4,2842011,1,37,
644,3992698,2024-06-05,FA-3-65965,AUPOCH,2,30-50004717-4,2847861,1,85,
645,658594,2024-06-05,FA-3-66017,AUCH,1,30-67856116-5,2212240,8,95,
646,640775,2024-06-05,NCA-3-1108,AUPOCH,2,30-50004045-5,3925383,1,97,
647,420231000000,2024-06-06,FA-4-1178,POAL,1,30-50000012-7,171991,5,64,
648,91421913,2024-06-06,FA-4-1179,AUPOCH,2,30-50004977-0,171951,5,53,
649,91421629,2024-06-06,FA-4-1180,POCH,1,30-50004977-0,171644,5,44,
650,1595756,2024-06-06,FCEA-4-317,POAL,3,30-50005666-1,9013524,1,108,
651,1593079,2024-06-06,FA-4-1175,POCH,1,30-50005666-1,9078135,1,34,
652,1595150,2024-06-06,FA-4-1176,AUCH,1,30-50005666-1,9146719,1,85,
653,1593317,2024-06-06,FA-4-1177,POCH,2,30-50005666-1,8961900,1,86,
654,5010150000000,2024-06-09,FA-3-66046,POCH,1,30-66320562-1,54495108,3,100,
655,5010150000000,2024-06-09,FA-3-66047,AUCH,1,30-66320562-1,54191811,3,43,
656,809674,2024-06-09,FA-3-66025,AUCH,1,30-50005536-3,4636070,1,35,
657,2386548,2024-06-09,FA-3-66049,AUCH,1,34-50004533-9,31498675,3,97,
658,2384406,2024-06-09,FA-3-66050,AUCH,1,34-50004533-9,31502133,3,79,
659,2385485,2024-06-09,FA-3-66051,AUCH,1,34-50004533-9,31436874,3,30,
660,3901558,2024-06-09,FA-3-66052,AUCH,1,30-50003578-8,9003572,1,85,
661,1066077,2024-06-09,FA-3-66053,POCH,1,30-50005710-2,2132154,1,80,
662,409704,2024-06-09,FA-3-66048,POAL,1,30-50005116-3,14147903,3,64,
663,3158825,2024-06-09,FA-3-66032,POAL,1,30-50001770-4,57269371,1,59,
664,3162520,2024-06-09,FA-3-66033,AUCH,1,30-50001770-4,57172219,1,7,
665,3137800,2024-06-09,FA-3-66034,POCH,1,30-50001770-4,56883727,1,44,
666,3160774,2024-06-09,FA-3-66035,AUCH,1,30-50001770-4,57219558,3,95,
667,3162172,2024-06-09,FA-3-66036,AUCH,1,30-50001770-4,57295330,3,93,
668,3160724,2024-06-09,FA-3-66037,AUCH,1,30-50001770-4,57486961,3,74,
669,642874001,2024-06-09,FA-3-66038,AUCH,1,30-50003288-6,7744486,3,81,
670,644848003,2024-06-09,FA-3-66039,AUCHPOAL,2,30-50003288-6,7801625,3,41,
671,163134,2024-06-09,FA-3-66026,POCH,1,30-50004359-4,930828,1,29,
672,163012,2024-06-09,FA-3-66027,POAL,1,30-50004359-4,931168,1,84,
673,163135,2024-06-09,FA-3-66028,POCH,1,30-50004359-4,932671,1,75,
674,163114,2024-06-09,FA-3-66029,AUPOCH,2,30-50004359-4,930428,1,84,
675,163071,2024-06-09,FA-3-66030,POAL,2,30-50004359-4,928307,1,95,
676,393311,2024-06-09,FA-3-66040,AUCH,1,30-50004045-5,3965581,3,85,
677,307335,2024-06-09,FA-3-66024,POAL,1,30-50003226-6,1108927,1,95,
678,6631444,2024-06-09,FA-3-66041,AUPOCH,2,30-50005031-0,622565662,3,89,
679,6634915,2024-06-09,FA-3-66042,AUCH,1,30-50005031-0,661089842,3,95,
680,6626155,2024-06-09,FA-3-66043,POCH,1,30-50005031-0,66583225,3,79,
681,6634626,2024-06-09,FA-3-66044,AUCH,1,30-50005031-0,661128602,3,81,
682,6632517,2024-06-09,FA-3-66045,AUPOCH,2,30-50005031-0,66481732,3,52,
683,4101198,2024-06-09,FA-3-66031,POAL,1,30-50004717-4,2856601,1,109,
684,659231,2024-06-09,FA-3-66054,POCH,1,30-67856116-5,2218358,8,35,
685,663339,2024-06-09,FA-3-66055,POCH,1,30-67856116-5,2245728,8,22,
686,665183,2024-06-09,FA-3-66056,AUCHPOAL,2,30-67856116-5,2294628,8,48,
687,5010150000000,2024-06-09,FA-3-66062,POAL,1,30-66320562-1,58623102,3,45,
688,5100120000000,2024-06-09,FA-3-66063,POAL,1,30-66320562-1,18999202,3,45,
689,5010000000000,2024-06-09,FA-3-66064,POAL,1,30-66320562-1,22276601,3,109,
690,5010150000000,2024-06-09,FA-3-66065,POCH,1,30-66320562-1,59045401,3,37,
691,5010000000000,2024-06-09,FA-3-66066,POAL,1,30-66320562-1,59292001,3,64,
692,2383729,2024-06-09,FA-3-66068,AUCH,1,34-50004533-9,31483626,3,43,
693,2003406731,2024-06-09,FA-4-1182,POAL,1,30-50004946-0,704848,2,44,
694,412076,2024-06-09,FA-3-66067,POAL,1,30-50005116-3,14130551,3,101,
695,2463652,2024-06-09,FA-3-66069,AUCHPOAL,2,30-50003691-1,514526680,3,82,
696,3083376,2024-06-09,FCEA-4-319,POAL,2,30-50001770-4,55943131,1,5,
697,2883639,2024-06-09,FA-3-66059,AUCH,1,30-50001770-4,57126960,1,103,
698,3156276,2024-06-09,FA-3-66060,POAL,1,30-50001770-4,56847551,3,95,
699,6620523,2024-06-09,FA-3-66061,POAL,1,30-50005031-0,529888262,3,83,
700,1596506,2024-06-09,FCEA-4-318,POAL,1,30-50005666-1,9115242,1,24,
701,1594559,2024-06-09,FA-4-1181,POAL,1,30-50005666-1,9077050,1,33,
702,663826,2024-06-09,FA-3-66070,AUPOCH,2,30-67856116-5,2253608,8,74,
703,90610,2024-06-10,FA-3-66083,POCH,1,30-69067464-1,1132670,3,13,
704,3902266,2024-06-10,FCEA-4-320,POAL,3,30-50003578-8,8962625,1,69,
705,1062352,2024-06-10,FA-3-66085,POAL,1,30-50005710-2,2124704,1,14,
706,2331696,2024-06-10,FA-3-66084,POAL,1,30-50003691-1,514992910,3,95,
707,3163494,2024-06-10,FA-3-66080,POCH,1,30-50001770-4,57294975,1,84,
708,163169,2024-06-10,FA-3-66077,POAL,3,30-50004359-4,920712,1,44,
709,163174,2024-06-10,FA-3-66078,POAL,1,30-50004359-4,932251,1,47,
710,6633822,2024-06-10,FA-3-66082,AUCH,1,30-50005031-0,661100712,3,107,
711,54527,2024-06-10,FA-3-66081,POCH,1,30-51830942-7,554755,3,81,
712,3953877,2024-06-10,FA-3-66079,AUCH,1,33-50003806-9,12659174,1,84,
713,4006000000000,2024-06-11,FA-3-66098,AUCH,1,30-66320562-1,28275012,3,29,
714,5010150000000,2024-06-11,FA-3-66099,AUPOCH,2,30-66320562-1,58254402,3,22,
715,5010150000000,2024-06-11,FA-3-66100,POCH,1,30-66320562-1,56474408,3,34,
716,5010150000000,2024-06-11,FA-3-66101,POCH,1,30-66320562-1,57135904,3,86,
717,5010150000000,2024-06-11,FA-3-66102,POAL,1,30-66320562-1,59009701,3,45,
718,2381820,2024-06-11,FA-3-66103,POAL,1,34-50004533-9,31448914,3,25,
719,2386724,2024-06-11,FA-3-66104,POAL,1,34-50004533-9,31391412,3,85,
720,2003411479,2024-06-11,FA-4-1183,AUCH,1,30-50004946-0,708895,2,84,
721,2339437,2024-06-11,FA-3-66105,AUCH,1,30-50003691-1,514800188,3,43,
722,3160341,2024-06-11,FA-3-66095,POAL,1,30-50001770-4,57407641,3,95,
723,163173,2024-06-11,FA-3-66092,POAL,1,30-50004359-4,922638,1,47,
724,1556920,2024-06-11,FA-3-66091,POAL,1,30-50006171-1,11701814,6,11,
725,91423314,2024-06-11,FCEA-4-321,POAL,2,30-50004977-0,172594,5,11,
726,2259165,2024-06-11,FA-4-1186,POAL,1,30-52750816-5,10172503,5,100,
727,6635089,2024-06-11,FA-3-66096,POCH,1,30-50005031-0,529940472,3,82,
728,6634257,2024-06-11,FA-3-66097,POAL,1,30-50005031-0,66528052,3,95,
729,1596684,2024-06-11,FCEA-4-322,POAL,3,30-50005666-1,9004109,1,104,
730,1596341,2024-06-11,FA-4-1184,AUPOCH,2,30-50005666-1,9029759,1,97,
731,1595577,2024-06-11,FA-4-1185,POCH,1,30-50005666-1,8915597,1,31,
732,1465342,2024-06-11,FA-3-66090,POAL,1,30-50006577-6,2520622,7,95,
733,3957970,2024-06-11,FA-3-66093,POCH,1,33-50003806-9,12651439,1,43,
734,4182998,2024-06-11,FA-3-66094,POCH,1,30-50004717-4,2862102,1,83,
735,1590184,2024-06-12,FA-4-1187,POCH,1,30-50005666-1,8909523,1,13,
736,65690002,2024-06-13,FA-3-66110,AUCH,1,30-69940815-4,416104,3,94,
737,5010150000000,2024-06-13,FA-3-66115,AUPOCH,2,30-66320562-1,20104110,3,83,
738,2384592,2024-06-13,FA-3-66117,POCH,1,34-50004533-9,31482344,3,43,
739,3902428,2024-06-13,FA-3-66119,POCH,1,30-50003578-8,8942660,1,103,
740,406492,2024-06-13,FA-3-66116,AUPOCH,2,30-50005116-3,14104559,3,37,
741,2462763,2024-06-13,FA-3-66118,POCH,1,30-50003691-1,514526593,3,84,
742,3164939,2024-06-13,FA-3-66112,AUCH,1,30-50001770-4,56954863,3,95,
743,3164149,2024-06-13,FA-3-66113,POCH,1,30-50001770-4,57251468,3,43,
744,6635218,2024-06-13,FA-3-66114,POAL,1,30-50005031-0,66176702,3,95,
745,9021227,2024-06-13,FA-3-66111,POCH,1,33-50003806-9,12799213,3,81,
746,661359,2024-06-13,FA-3-66120,POCH,1,30-67856116-5,2263611,8,67,
747,1597830,2024-06-13,FA-4-1188,AUCH,1,30-50005666-1,1595496,1,5,
748,1589190,2024-06-13,FA-4-1189,POAL,1,30-50005666-1,9030281,1,82,
749,5100120000000,2024-06-17,FA-3-66135,AUCH,1,30-66320562-1,17957211,3,45,
750,5010150000000,2024-06-17,FA-3-66136,AUCH,1,30-66320562-1,57194904,3,95,
751,5010150000000,2024-06-17,FA-3-66137,POAL,1,30-66320562-1,54393511,3,45,
752,2506600,2024-06-17,FA-3-66138,AUCH,1,34-50004533-9,31723475,3,86,
753,2386347,2024-06-17,FA-3-66139,POCH,1,34-50004533-9,31537693,3,97,
754,2385684,2024-06-17,FA-3-66146,POCH,1,34-50004533-9,31404389,3,32,
755,2003406298,2024-06-17,FA-4-1190,POAL,1,30-50004946-0,705509,2,95,
756,474500,2024-06-17,FA-3-66132,AUCH,1,30-70496198-3,3618078,3,83,
757,3161508,2024-06-17,FA-3-66128,AUCH,1,30-50001770-4,57448566,1,95,
758,3161919,2024-06-17,FA-3-66129,POAL,1,30-50001770-4,57063120,1,48,
759,163166,2024-06-17,FA-3-66130,POAL,2,30-50004359-4,927017,1,84,
760,395519,2024-06-17,FA-3-66133,AUCHPOAL,3,30-50004045-5,3790005,3,89,
761,6625401,2024-06-17,FA-3-66134,AUCH,1,30-50005031-0,529998152,3,88,Cobertura 90%
762,4032198,2024-06-17,FA-3-66131,POCH,1,30-50004717-4,2863071,1,32,
763,1597641,2024-06-17,FA-4-1191,POCH,1,30-50005666-1,9180819,1,74,
764,642385684,2024-06-17,NCA-3-1109,POCH,1,30-50003288-6,7404389,3,32,
765,5010150000000,2024-06-18,FA-3-66157,POCH,1,30-66320562-1,20821303,3,81,
766,5010150000000,2024-06-18,FA-3-66158,AUCH,1,30-66320562-1,56097806,3,37,
767,1217407,2024-06-18,FA-3-66149,AUPOCH,2,30-51541976-0,2391009,1,71,
768,1231450,2024-06-18,FA-3-66150,POCH,1,30-51541976-0,2422355,1,4,
769,1591678,2024-06-18,FA-3-66151,POAL,1,30-51541976-0,2397769,1,48,
770,810891,2024-06-18,FA-3-66148,AUCH,1,30-50005536-3,4665725,1,34,
771,416782,2024-06-18,FA-3-66159,AUCH,1,30-50005116-3,14068340,3,85,
772,420086,2024-06-18,FA-3-66160,AUCH,1,30-50005116-3,14702667,3,83,
773,472113,2024-06-18,FA-3-66153,AUCH,1,30-70496198-3,3607601,3,34,
774,2331700,2024-06-18,FA-3-66161,AUCH,1,30-50003691-1,514941621,3,37,
775,646293001,2024-06-18,FA-3-66155,AUCH,1,30-50003288-6,7884029,3,29,
776,16971,2024-06-18,FA-3-66154,AUCH,1,30-50003226-6,1121248,3,37,
777,42401524863,2024-06-18,FA-3-66162,POAL,1,30-50003721-7,179745,4,109,
778,6635808,2024-06-18,FA-3-66156,POCH,1,30-50005031-0,66453172,3,44,
779,3457598,2024-06-18,FA-3-66152,AUCH,1,30-50004717-4,2849111,1,107,
780,5010110000000,2024-06-18,FA-3-66175,POCH,1,30-66320562-1,96111014,3,81,
781,1076459,2024-06-18,FA-3-66170,POAL,1,30-51541976-0,2371943,1,76,
782,982465,2024-06-18,FA-3-66171,AUCH,1,30-51541976-0,2363002,1,75,
783,403258,2024-06-18,FA-3-66176,POAL,1,30-50005116-3,14078635,3,85,
784,163055,2024-06-18,FA-3-66169,AUCH,1,30-50004359-4,907867,1,18,
785,420231000000,2024-06-18,FCEA-4-323,POAL,1,30-50000012-7,7550230,1,96,
786,393922,2024-06-18,FA-3-66173,AUCH,1,30-50004045-5,3764944,3,29,
787,6634631,2024-06-18,FA-3-66174,POAL,1,30-50005031-0,66476602,3,84,
788,1420875,2024-06-18,FA-3-66172,AUPOCH,2,30-50006577-6,2824811,3,97,
789,655520,2024-06-18,FA-3-66177,POAL,1,30-67856116-5,2215077,8,95,
790,266591,2024-06-18,FA-3-66178,POAL,1,30-67856116-5,2281878,8,96,
791,67001001,2024-06-30,FA-3-66224,AUCH,1,30-69940815-4,5259821,3,34,
792,5010150000000,2024-06-30,FA-3-66245,AUCH,1,30-66320562-1,54605411,3,81,
793,5010150000000,2024-06-30,FA-3-66246,POAL,1,30-66320562-1,18734505,3,85,
794,5010150000000,2024-06-30,FA-3-66247,POAL,1,30-66320562-1,22006804,3,79,
795,5010150000000,2024-06-30,FA-3-66248,POAL,1,30-66320562-1,57172805,3,44,
796,5010000000000,2024-06-30,FA-3-66249,POAL,1,30-66320562-1,21113101,3,75,
797,5160130000000,2024-06-30,FA-3-66250,POCH,1,30-66320562-1,25263103,3,73,
798,5010000000000,2024-06-30,FA-3-66251,AUCHPOAL,3,30-66320562-1,57818304,3,31,
799,5010150000000,2024-06-30,FA-3-66252,AUCH,1,30-66320562-1,58047204,3,100,
800,5010150000000,2024-06-30,FA-3-66253,AUCH,1,30-66320562-1,21135501,3,22,
801,5010150000000,2024-06-30,FA-3-66254,AUCH,1,30-66320562-1,52671612,3,43,
802,5010150000000,2024-06-30,FA-3-66255,AUCH,1,30-66320562-1,57054904,3,85,
803,5010000000000,2024-06-30,FA-3-66256,AUPOCH,2,30-66320562-1,56461008,3,74,
804,5010150000000,2024-06-30,FA-3-66257,AUCH,1,30-66320562-1,58932102,3,7,
805,5010000000000,2024-06-30,FA-3-66258,AUPOCH,2,30-66320562-1,56888807,3,83,
806,5010150000000,2024-06-30,FA-3-66259,AUCH,1,30-66320562-1,20833004,3,51,
807,5010150000000,2024-06-30,FA-3-66260,AUCH,1,30-66320562-1,21660908,3,45,
808,5010150000000,2024-06-30,FA-3-66261,AUCH,1,30-66320562-1,58497503,3,79,
809,1173598,2024-06-30,FA-3-66208,AUPOCH,2,30-51541976-0,2412877,1,39,
810,811254,2024-06-30,FA-3-66202,AUCH,1,30-50005536-3,4671608,1,75,
811,811073,2024-06-30,FA-3-66203,POAL,1,30-50005536-3,4709039,1,79,
812,2381319,2024-06-30,FA-3-66265,POAL,1,34-50004533-9,31495387,3,2,
813,2387424,2024-06-30,FA-3-66266,AUCH,1,34-50004533-9,31554503,3,82,
814,2388003,2024-06-30,FA-3-66267,POAL,1,34-50004533-9,31460063,3,44,
815,2387940,2024-06-30,FA-3-66268,POCH,1,34-50004533-9,31553308,3,29,
816,3901976,2024-06-30,FA-3-66275,AUCH,1,30-50003578-8,8988842,1,44,
817,3902863,2024-06-30,FA-3-66276,AUPOCH,2,30-50003578-8,9009703,1,71,
818,2003789234,2024-06-30,FCEA-4-325,AUAL,1,30-50004946-0,774593,1,109,
819,1068092,2024-06-30,FA-3-66273,AUPOCH,2,30-50005710-2,2136184,1,74,
820,1069321,2024-06-30,FA-3-66274,POAL,1,30-50005710-2,2138642,1,11,
821,2332354,2024-06-30,FA-3-66269,POAL,1,30-50003691-1,514667379,3,45,
822,2332182,2024-06-30,FA-3-66270,AUCH,1,30-50003691-1,514817176,3,30,
823,3161159,2024-06-30,FA-3-66212,AUCH,1,30-50001770-4,57353225,3,72,
824,3163813,2024-06-30,FA-3-66213,AUCH,1,30-50001770-4,65036981,3,5,
825,3163813,2024-06-30,FA-3-66214,AUCH,1,30-50001770-4,65036981,3,5,
826,3162901,2024-06-30,FA-3-66215,AUCH,1,30-50001770-4,57341193,3,81,
827,3160994,2024-06-30,FA-3-66216,AUCH,1,30-50001770-4,57091581,3,97,
828,3133683,2024-06-30,FA-3-66217,POAL,1,30-50001770-4,56773953,3,95,
829,3165609,2024-06-30,FA-3-66218,AUAL,1,30-50001770-4,57345798,7,45,
830,3162373,2024-06-30,FA-3-66219,POCH,1,30-50001770-4,56789234,7,83,
831,3167976,2024-06-30,FA-3-66220,AUCH,1,30-50001770-4,57469217,3,103,
832,2882830,2024-06-30,FA-3-66221,AUCH,1,30-50001770-4,57308783,3,95,
833,3166306,2024-06-30,FA-3-66222,POAL,1,30-50001770-4,57454667,3,89,
834,3167163,2024-06-30,FA-3-66223,POAL,1,30-50001770-4,57228814,3,95,
835,642371002,2024-06-30,FA-3-66225,AUCH,1,30-50003288-6,7783334,3,86,
836,648462001,2024-06-30,FA-3-66226,POAL,1,30-50003288-6,7797247,3,52,
837,646116002,2024-06-30,FA-3-66227,POCH,1,30-50003288-6,7843722,3,81,
838,163290,2024-06-30,FA-3-66204,AUPOCH,2,30-50004359-4,910077,1,18,
839,163291,2024-06-30,FA-3-66205,POCH,1,30-50004359-4,909392,1,4,
840,163307,2024-06-30,FA-3-66206,POCH,1,30-50004359-4,928695,1,7,
841,420231000000,2024-06-30,FA-3-66264,POCH,1,30-50000012-7,7581284,3,31,
842,420231000000,2024-06-30,FA-3-66271,AUCHPOAL,3,30-50000012-7,7548861,1,79,
843,420231000000,2024-06-30,FA-3-66272,AUCH,1,30-50000012-7,7462013,6,59,
844,42401527610,2024-06-30,FA-3-66277,AUPOCH,2,30-50003721-7,180312,4,103,
845,2265422,2024-06-30,FA-3-66278,POAL,1,30-52750816-5,10180641,4,45,
846,6630007,2024-06-30,FA-3-66228,AUCH,1,30-50005031-0,66180982,3,56,
847,6636206,2024-06-30,FA-3-66229,POAL,1,30-50005031-0,66970862,3,85,
848,6635983,2024-06-30,FA-3-66230,POCH,1,30-50005031-0,66898662,3,81,
849,6633785,2024-06-30,FA-3-66231,AUPOCH,2,30-50005031-0,529892752,3,81,Cobertura 90%
850,6636127,2024-06-30,FA-3-66232,AUCH,1,30-50005031-0,661180422,3,95,
851,6636335,2024-06-30,FA-3-66233,AUCH,1,30-50005031-0,661154742,3,103,
852,6636082,2024-06-30,FA-3-66234,AUCH,1,30-50005031-0,66429612,3,84,
853,6636352,2024-06-30,FA-3-66235,AUCH,1,30-50005031-0,529937552,3,99,
854,6636376,2024-06-30,FA-3-66236,POAL,1,30-50005031-0,66619182,3,103,
855,6635444,2024-06-30,FA-3-66237,POCH,1,30-50005031-0,86861332,3,33,
856,6636534,2024-06-30,FA-3-66238,AUCH,1,30-50005031-0,66717632,3,85,
857,6636392,2024-06-30,FA-3-66239,AUCH,1,30-50005031-0,66395162,3,103,
858,6636395,2024-06-30,FA-3-66240,AUCH,1,30-50005031-0,66795020,3,43,
859,6635268,2024-06-30,FA-3-66241,AUCH,1,30-50005031-0,66322872,3,95,
860,6160301,2024-06-30,FA-3-66242,POAL,1,30-50005031-0,611719242,3,2,
861,6635010,2024-06-30,FA-3-66243,AUCH,1,30-50005031-0,66677542,3,84,
862,6636476,2024-06-30,FA-3-66244,AUCH,1,30-50005031-0,529958062,3,101,
863,1462156,2024-06-30,FA-3-66201,POAL,1,30-50006577-6,2534911,1,109,
864,3951769,2024-06-30,FA-3-66207,AUCH,1,33-50003806-9,12079486,1,44,
865,4257598,2024-06-30,FA-3-66209,AUCH,1,30-50004717-4,2868961,1,85,
866,2319498,2024-06-30,FA-3-66210,AUCH,1,30-50004717-4,2873951,1,29,
867,4151098,2024-06-30,FA-3-66211,AUCH,1,30-50004717-4,2873791,1,33,
868,12280000000000,2024-06-30,FA-3-66262,AUCH,1,30-71459054-1,17688709,3,26,
869,12280000000000,2024-06-30,FA-3-66263,POCH,1,30-71459054-1,23246101,3,81,
870,420231000000,2024-07-01,FA-4-1207,AUCH,1,30-50000012-7,172089,5,43,
871,91426510,2024-07-01,FA-4-1209,POAL,3,30-50004977-0,174347,5,5,
872,91425827,2024-07-01,FA-4-1210,POCH,1,30-50004977-0,174054,5,83,
873,91424520,2024-07-01,FA-4-1211,AUCHPOAL,2,30-50004977-0,173319,5,11,
874,2265544,2024-07-01,FA-4-1208,POAL,1,30-52750816-5,10174492,5,75,
875,1598603,2024-07-01,FA-4-1194,AUCHPOAL,2,30-50005666-1,8912832,1,3,Pendiente entrega 1 llanta
876,1587171,2024-07-01,FA-4-1195,POAL,1,30-50005666-1,9130234,1,109,
877,1578691,2024-07-01,FA-4-1196,POCH,1,30-50005666-1,9171116,1,30,
878,1598853,2024-07-01,FA-4-1197,POCH,2,30-50005666-1,9196479,1,43,
879,1597151,2024-07-01,FA-4-1198,AUPOCH,2,30-50005666-1,8920163,1,83,
880,1596700,2024-07-01,FA-4-1199,POCH,1,30-50005666-1,9004483,1,103,
881,1592860,2024-07-01,FA-4-1200,AUPOCH,3,30-50005666-1,9092504,1,31,
882,1589998,2024-07-01,FA-4-1201,POAL,1,30-50005666-1,9169402,1,103,
883,1596708,2024-07-01,FA-4-1202,POCH,1,30-50005666-1,8927642,1,82,
884,1596859,2024-07-01,FA-4-1203,AUPOCH,3,30-50005666-1,9194975,1,74,
885,1587266,2024-07-01,FA-4-1204,POCH,1,30-50005666-1,9022369,1,31,
886,1578035,2024-07-01,FA-4-1205,AUCH,1,30-50005666-1,8999912,1,85,
887,1595549,2024-07-01,FA-4-1206,POAL,1,30-50005666-1,9312850,1,91,
888,1470867,2024-07-02,FA-3-66283,POAL,1,30-50006577-6,2813129,7,59,
889,66482002,2024-07-03,FA-3-66296,AUCH,1,30-69940815-4,445666,3,2,
890,5010150000000,2024-07-03,FA-3-66307,POCH,1,30-66320562-1,56718006,3,13,
891,5010150000000,2024-07-03,FA-3-66308,AUCH,1,30-66320562-1,58543903,3,79,
892,5010150000000,2024-07-03,FA-3-66309,AUCH,1,30-66320562-1,56106108,3,86,
893,5010150000000,2024-07-03,FA-3-66310,AUCH,1,30-66320562-1,58559203,3,81,
894,5010150000000,2024-07-03,FA-3-66311,AUCH,1,30-66320562-1,57546705,3,29,
895,5010150000000,2024-07-03,FA-3-66312,POAL,1,30-66320562-1,58439303,3,45,
896,5010150000000,2024-07-03,FA-3-66313,AUCH,1,30-66320562-1,58297002,3,81,
897,5010150000000,2024-07-03,FA-3-66314,AUCH,1,30-66320562-1,59004002,3,74,
898,3903039,2024-07-03,FA-3-66320,AUCH,1,30-50003578-8,8979741,1,14,
899,2003422552,2024-07-03,FCEA-4-326,POAL,2,30-50004946-0,723115,2,45,
900,2003419408,2024-07-03,FA-4-1212,AUCH,1,30-50004946-0,180368,4,37,
901,417598,2024-07-03,FA-3-66317,AUPOCH,2,30-50005116-3,14022200,3,31,
902,2463372,2024-07-03,FA-3-66318,POAL,1,30-50003691-1,514603701,3,89,
903,2359380,2024-07-03,FA-3-66319,AUCHPOAL,2,30-50003691-1,514728237,1,111,
904,3160915,2024-07-03,FA-3-66289,AUPOCH,2,30-50001770-4,57051512,1,112,
905,3082906,2024-07-03,FA-3-66290,POAL,1,30-50001770-4,55826287,1,45,
906,3168684,2024-07-03,FA-3-66291,AUCH,1,30-50001770-4,57410438,1,81,
907,3168853,2024-07-03,FA-3-66292,AUCH,1,30-50001770-4,57405172,1,99,
908,3163651,2024-07-03,FA-3-66293,AUCH,1,30-50001770-4,57237987,7,85,
909,2884824,2024-07-03,FA-3-66294,AUCH,1,30-50001770-4,57789312,7,95,
910,3154978,2024-07-03,FA-3-66295,AUCH,1,30-50001770-4,57377146,3,43,
911,642416468,2024-07-03,FA-3-66325,AUCH,1,30-50003288-6,7789123,1,47,
912,420231000000,2024-07-03,FA-3-66316,POAL,1,30-50000012-7,7443450,3,34,
913,402218,2024-07-03,FA-3-66297,AUCH,1,30-50004045-5,3884102,3,95,
914,400719,2024-07-03,FA-3-66298,AUCH,1,30-50004045-5,3964877,3,83,
915,401309,2024-07-03,FA-3-66299,POCH,1,30-50004045-5,3753082,3,81,
916,91426389,2024-07-03,FA-4-1220,AUCH,1,30-50004977-0,174288,5,44,
917,91400656,2024-07-03,FA-3-66323,POAL,1,30-50004977-0,173879,1,67,
918,91412139,2024-07-03,FA-3-66324,AUCHPOAL,2,30-50004977-0,169207,6,28,
919,4929741,2024-07-03,FA-3-66300,POAL,1,30-50005031-0,49914098,1,46,
920,6636720,2024-07-03,FA-3-66301,AUCH,1,30-50005031-0,529867232,3,95,
921,6636187,2024-07-03,FA-3-66302,AUCH,1,30-50005031-0,66924742,3,96,
922,6634423,2024-07-03,FA-3-66303,AUCH,1,30-50005031-0,66770892,3,90,
923,6636918,2024-07-03,FA-3-66304,AUCH,1,30-50005031-0,622045302,3,83,
924,6636747,2024-07-03,FA-3-66305,POAL,1,30-50005031-0,66639972,3,95,
925,6637016,2024-07-03,FA-3-66306,POAL,1,30-50005031-0,622597612,3,85,
926,1598916,2024-07-03,FA-4-1214,POCH,1,30-50005666-1,9095390,1,82,
927,1592040,2024-07-03,FA-4-1215,AUPOCH,2,30-50005666-1,8915172,1,31,
928,1598637,2024-07-03,FA-4-1216,POCH,1,30-50005666-1,8961359,1,81,
929,1598105,2024-07-03,FA-4-1217,POCH,1,30-50005666-1,9079817,1,100,
930,1595246,2024-07-03,FA-4-1218,AUPOCH,2,30-50005666-1,9174133,1,38,
931,1584451,2024-07-03,FA-4-1219,AUPOCH,2,30-50005666-1,9138699,1,44,
932,3967999,2024-07-03,FA-3-66326,AUCH,1,33-50003806-9,12756486,1,44,
933,4404998,2024-07-03,FA-3-66327,POCH,1,30-50004717-4,2877141,1,43,
934,665221,2024-07-03,FA-3-66321,POCH,1,30-67856116-5,2252008,8,83,
935,666025,2024-07-03,FA-3-66322,POAL,1,30-67856116-5,2256373,8,45,
936,12280000000000,2024-07-03,FA-3-66315,AUCH,1,30-71459054-1,22872402,3,81,
937,2265422,2024-07-03,NCA-3-1111,POAL,1,30-52750816-5,10180641,4,45,
938,2003420495,2024-07-04,FA-4-1221,AUPOCH,2,30-50004946-0,717364,2,74,
939,2265422,2024-07-04,FA-4-1222,POAL,1,30-52750816-5,10180641,4,45,
940,645915967,2024-07-04,FA-3-66340,POAL,2,30-50003288-6,7514695,1,18,
941,91427751,2024-07-04,FA-4-1229,AUCH,1,30-50004977-0,174989,5,102,
942,1597117,2024-07-04,FA-4-1223,POAL,1,30-50005666-1,9138328,1,44,
943,1597797,2024-07-04,FA-4-1224,POAL,1,30-50005666-1,9359920,1,47,
944,1596721,2024-07-04,FA-4-1225,POAL,1,30-50005666-1,9007082,1,113,
945,1600054,2024-07-04,FA-4-1226,AUCH,1,30-50005666-1,8992974,1,95,
946,1591537,2024-07-04,FA-4-1227,POAL,1,30-50005666-1,9113691,1,47,
947,1596809,2024-07-04,FA-4-1228,AUCH,1,30-50005666-1,9007408,1,72,
948,4006010000000,2024-07-07,FA-3-66357,POAL,1,30-66320562-1,83874035,3,15,
949,5010000000000,2024-07-07,FA-3-66358,POAL,1,30-66320562-1,56865608,3,87,
950,5010150000000,2024-07-07,FA-3-66359,AUCH,1,30-66320562-1,10590811,3,43,
951,5010150000000,2024-07-07,FA-3-66360,POCH,1,30-66320562-1,57973002,3,69,
952,5010150000000,2024-07-07,FA-3-66361,AUCH,1,30-66320562-1,55972909,3,22,
953,5010150000000,2024-07-07,FA-3-66362,AUCH,1,30-66320562-1,21413312,3,45,
954,5010150000000,2024-07-07,FA-3-66363,AUCH,1,30-66320562-1,58941402,3,43,
955,5010150000000,2024-07-07,FA-3-66364,POAL,1,30-66320562-1,58397004,3,86,
956,5010150000000,2024-07-07,FA-3-66365,AUPOCH,2,30-66320562-1,58783202,3,99,
957,5010150000000,2024-07-07,FA-3-66366,AUCH,1,30-66320562-1,58330702,3,22,
958,8439010000000,2024-07-07,FA-3-66367,POCH,1,30-66320562-1,30045741,3,74,
959,5010150000000,2024-07-07,FA-3-66368,AUCH,1,30-66320562-1,58859802,3,75,
960,5010150000000,2024-07-07,FA-3-66369,POCH,1,30-66320562-1,57477202,3,6,
961,1251839,2024-07-07,FA-3-66346,AUCH,1,30-51541976-0,2374687,1,16,
962,811621,2024-07-07,FA-3-66345,AUPOCH,2,30-50005536-3,4718540,1,31,
963,2387621,2024-07-07,FA-3-66371,AUCH,1,34-50004533-9,31519338,3,81,
964,3903064,2024-07-07,FA-3-66374,POAL,1,30-50003578-8,9000980,1,25,
965,1067833,2024-07-07,FA-3-66376,AUCH,1,30-50005710-2,2135666,1,95,
966,419448,2024-07-07,FA-3-66370,AUCH,1,30-50005116-3,14144104,3,47,
967,2332391,2024-07-07,FA-3-66372,AUCH,1,30-50003691-1,514958515,3,86,
968,2233008,2024-07-07,FA-3-66373,POCH,1,30-50003691-1,515128574,3,19,
969,3172073,2024-07-07,FA-3-66348,AUCH,1,30-50001770-4,57554957,1,83,
970,3170473,2024-07-07,FA-3-66349,AUPOCH,2,30-50001770-4,57371044,1,101,
971,2885336,2024-07-07,FA-3-66350,AUPOCH,2,30-50001770-4,56323276,3,22,
972,403131,2024-07-07,FA-3-66351,AUCH,1,30-50004045-5,3921541,3,95,
973,42401530093,2024-07-07,FA-3-66377,AUCH,1,30-50003721-7,180827,4,74,
974,6636816,2024-07-07,FA-3-66352,AUCH,1,30-50005031-0,66844272,3,43,
975,6637111,2024-07-07,FA-3-66353,AUCH,1,30-50005031-0,622260062,3,81,
976,6636847,2024-07-07,FA-3-66354,AUPOCH,2,30-50005031-0,66898472,3,96,
977,6636330,2024-07-07,FA-3-66355,AUPOCH,2,30-50005031-0,661200022,3,18,
978,6636154,2024-07-07,FA-3-66356,AUCHPOAL,2,30-50005031-0,622201752,3,84,
979,1476356,2024-07-07,FA-3-66342,POAL,1,30-50006577-6,2699293,7,109,
980,1475374,2024-07-07,FA-3-66343,AUPOCH,2,30-50006577-6,2701059,7,105,
981,1471824,2024-07-07,FA-3-66344,POCH,1,30-50006577-6,2594705,7,103,
982,4378398,2024-07-07,FA-3-66347,POCH,1,30-50004717-4,2875292,1,84,
983,669440,2024-07-07,FA-3-66375,POAL,1,30-67856116-5,2239420,1,109,
984,5081410000000,2024-07-07,FA-4-1232,AUCH,1,30-66320562-1,47172788,5,81,
985,1596028,2024-07-07,FA-4-1230,POCH,1,30-50005666-1,8907223,1,34,
986,1599672,2024-07-07,FA-4-1231,AUCHPOAL,3,30-50005666-1,9194795,1,6,
987,5010150000000,2024-07-09,FA-3-66389,POAL,1,30-66320562-1,21067301,3,43,
988,5150000000000,2024-07-09,FA-3-66390,AUCH,1,30-66320562-1,18849107,3,75,
989,811347,2024-07-09,FA-3-66383,AUCH,1,30-50005536-3,4718147,1,36,
990,3166583,2024-07-09,FA-3-66386,POCH,1,30-50001770-4,57237478,1,44,
991,3172666,2024-07-09,FA-3-66387,AUCH,1,30-50001770-4,57511191,3,76,
992,6637228,2024-07-09,FA-3-66388,POAL,1,30-50005031-0,66517372,3,89,
993,1477118,2024-07-09,FA-3-66382,AUCH,1,30-50006577-6,2754437,7,16,
994,53994,2024-07-09,FA-3-66384,AUPOCH,2,30-50004717-4,2885301,1,97,
995,50999,2024-07-09,FA-3-66385,AUCH,1,30-50004717-4,2884521,1,81,
996,5010150000000,2024-07-09,FA-3-66404,POAL,1,30-66320562-1,53047911,3,95,
997,5010150000000,2024-07-09,FA-3-66405,POAL,1,30-66320562-1,58666203,3,72,
998,1234597,2024-07-09,FA-3-66394,POCH,1,30-51541976-0,2401585,1,42,
999,2511727,2024-07-09,FA-3-66407,AUCH,1,34-50004533-9,31729857,3,91,
1000,2233017,2024-07-09,FA-3-66401,POAL,1,30-50003691-1,514771317,3,72,
1001,2330241,2024-07-09,FA-3-66408,AUCH,1,30-50003691-1,515031135,3,95,
1002,3102479,2024-07-09,FA-3-66395,AUCHPOAL,2,30-50001770-4,56130973,1,67,
1003,3173876,2024-07-09,FA-3-66396,AUCH,1,30-50001770-4,57625374,3,73,
1004,3173923,2024-07-09,FA-3-66397,POCH,1,30-50001770-4,65042581,3,86,
1005,2876570,2024-07-09,FA-3-66398,AUCH,1,30-50001770-4,55562770,3,95,
1006,163508,2024-07-09,FA-3-66393,POAL,2,30-50004359-4,932912,1,72,
1007,6636942,2024-07-09,FA-3-66399,POAL,1,30-50005031-0,66623922,3,81,Cobertura 90%
1008,6637820,2024-07-09,FA-3-66400,POAL,1,30-50005031-0,622303182,3,64,
1009,6637781,2024-07-09,FA-3-66402,POCH,1,30-50005031-0,66735072,3,71,
1010,6637717,2024-07-09,FA-3-66403,POCH,1,30-50005031-0,661217572,3,43,
1011,12280000000000,2024-07-09,FA-3-66406,POAL,1,30-71459054-1,20819105,3,109,
1012,91428794,2024-07-10,FA-4-1234,POCH,1,30-50004977-0,175787,5,97,
1013,91429267,2024-07-10,FA-4-1235,POCH,1,30-50004977-0,175779,5,97,
1014,170697848,2024-07-10,FA-4-1233,POAL,1,30-50003639-3,175712,5,45,
1015,1575790,2024-07-10,FA-4-1236,AUCH,1,30-50005666-1,8735464,1,5,
1016,1575952,2024-07-10,FA-4-1237,POAL,1,30-50005666-1,9032997,1,82,
1017,1601531,2024-07-10,FA-4-1238,POAL,1,30-50005666-1,8920893,1,71,
1018,67682001,2024-07-11,FA-3-66429,POCH,1,30-69940815-4,513687,3,34,
1019,5010150000000,2024-07-11,FA-3-66432,AUCHPOAL,2,30-66320562-1,21962305,3,45,
1020,5030130000000,2024-07-11,FA-3-66433,POAL,1,30-66320562-1,21501201,3,32,
1021,5010150000000,2024-07-11,FA-3-66434,AUCH,1,30-66320562-1,58473801,3,2,
1022,5010150000000,2024-07-11,FA-3-66435,POCH,1,30-66320562-1,58530803,3,81,
1023,2511912,2024-07-11,FA-3-66439,POAL,1,34-50004533-9,31597113,3,109,
1024,8981800,2024-07-11,FA-3-66443,AUCH,1,30-50003578-8,3902687,1,66,
1025,423644,2024-07-11,FA-3-66438,AUCH,1,30-50005116-3,14029263,3,103,
1026,2330308,2024-07-11,FA-3-66440,AUPOCH,2,30-50003691-1,515039055,3,84,
1027,2330190,2024-07-11,FA-3-66441,POAL,1,30-50003691-1,514492241,3,72,
1028,2233017,2024-07-11,FA-3-66442,POAL,1,30-50003691-1,514703339,3,109,
1029,3114104,2024-07-11,FA-3-66423,AUCH,1,30-50001770-4,56589543,6,47,
1030,3174967,2024-07-11,FA-3-66424,AUCH,1,30-50001770-4,57644932,1,44,
1031,3171764,2024-07-11,FA-3-66425,POAL,1,30-50001770-4,57603747,1,96,
1032,3172547,2024-07-11,FA-3-66426,POCH,1,30-50001770-4,57328645,1,43,
1033,3171270,2024-07-11,FA-3-66427,AUCH,1,30-50001770-4,57077692,1,98,
1034,3175357,2024-07-11,FA-3-66428,AUCH,1,30-50001770-4,65041404,3,22,
1035,648113001,2024-07-11,FA-3-66430,AUCH,1,30-50003288-6,7817429,3,86,
1036,650924678,2024-07-11,FA-3-66448,AUCHPOAL,3,30-50003288-6,7600567,1,114,
1037,42401531168,2024-07-11,FA-3-66444,AUCH,1,30-50003721-7,181027,4,103,
1038,6637829,2024-07-11,FA-3-66431,AUCH,1,30-50005031-0,661007802,3,81,
1039,1473828,2024-07-11,FA-3-66413,POAL,1,30-50006577-6,2810411,7,95,
1040,1478703,2024-07-11,FA-3-66414,POCH,1,30-50006577-6,2743768,7,82,
1041,1474649,2024-07-11,FA-3-66415,AUPOCH,2,30-50006577-6,2825030,7,79,
1042,1478811,2024-07-11,FA-3-66416,POCH,1,30-50006577-6,2506768,7,102,
1043,3961335,2024-07-11,FA-3-66421,POCH,1,33-50003806-9,12938562,1,29,
1044,9021522,2024-07-11,FA-3-66422,AUCH,1,33-50003806-9,12559330,3,83,
1045,4219898,2024-07-11,FA-3-66417,POAL,1,30-50004717-4,2870131,1,2,
1046,97399,2024-07-11,FA-3-66418,AUCH,1,30-50004717-4,2885952,1,47,
1047,4358198,2024-07-11,FA-3-66419,POCH,1,30-50004717-4,2887701,1,84,
1048,4032398,2024-07-11,FA-3-66420,POCH,1,30-50004717-4,2860591,1,33,
1049,670493,2024-07-11,FA-3-66445,POAL,2,30-67856116-5,2253040,1,45,
1050,664892,2024-07-11,FA-3-66446,POAL,1,30-67856116-5,2202044,8,64,
1051,12280000000000,2024-07-11,FA-3-66436,AUCH,1,30-71459054-1,18153308,3,43,
1052,12280000000000,2024-07-11,FA-3-66437,POCH,1,30-71459054-1,22480004,3,31,
1053,91429561,2024-07-11,FA-4-1239,AUCHPOAL,2,30-50004977-0,175983,5,11,
1054,1601224,2024-07-11,FA-4-1240,AUCHPOAL,3,30-50005666-1,9006211,1,31,
1055,1591969,2024-07-11,FA-4-1241,POCH,1,30-50005666-1,9112847,1,13,
1056,5320000000000,2024-07-15,FA-3-66468,AUCH,1,30-66320562-1,61300217,3,85,
1057,5020000000000,2024-07-15,FA-3-66469,AUCH,1,30-66320562-1,33517006,3,95,
1058,5010150000000,2024-07-15,FA-3-66470,POCH,1,30-66320562-1,55217810,3,83,
1059,5570000000000,2024-07-15,FA-3-66471,POCH,1,30-66320562-1,54179014,3,103,
1060,5010150000000,2024-07-15,FA-3-66472,POCH,2,30-66320562-1,58263204,3,34,
1061,2389707,2024-07-15,FA-3-66473,POCH,1,34-50004533-9,31545496,3,105,
1062,423396,2024-07-15,FA-3-66474,POAL,1,30-50005116-3,14116907,3,45,
1063,476287,2024-07-15,FA-3-66466,POCH,1,30-70496198-3,3626388,3,44,
1064,2332605,2024-07-15,FA-3-66475,POCH,1,30-50003691-1,515070845,3,44,
1065,2332013,2024-07-15,FA-3-66476,POCH,1,30-50003691-1,514974680,3,103,
1066,2463827,2024-07-15,FA-3-66477,POCH,1,30-50003691-1,515010701,3,84,
1067,2310564,2024-07-15,FA-3-66478,AUCH,1,30-50003691-1,514684723,3,34,
1068,3174309,2024-07-15,FA-3-66460,POCH,1,30-50001770-4,59123879,7,75,
1069,2886534,2024-07-15,FA-3-66461,POCH,1,30-50001770-4,57513524,1,99,
1070,3169778,2024-07-15,FA-3-66462,POAL,3,30-50001770-4,57149965,6,108,
1071,3173460,2024-07-15,FA-3-66463,AUCHPOAL,2,30-50001770-4,57335400,3,109,
1072,3174782,2024-07-15,FA-3-66464,AUCH,1,30-50001770-4,57405614,3,95,
1073,3173620,2024-07-15,FA-3-66465,AUCH,1,30-50001770-4,57272392,3,18,
1074,6638194,2024-07-15,FA-3-66467,POCH,1,30-50005031-0,66205292,3,43,
1075,1477704,2024-07-15,FA-3-66456,AUCH,1,30-50006577-6,2608568,7,52,
1076,1475418,2024-07-15,FA-3-66457,POAL,1,30-50006577-6,2644173,7,109,
1077,105499,2024-07-15,FA-3-66458,POAL,3,30-50004717-4,2889241,1,31,
1078,86899,2024-07-15,FA-3-66459,AUPOCH,2,30-50004717-4,2888571,1,49,
1079,2003420092,2024-07-16,FA-4-1242,POCH,1,30-50004946-0,727684,2,79,
1080,8439010000000,2024-07-16,FA-3-66495,POAL,1,30-66320562-1,36304291,3,85,
1081,5010150000000,2024-07-16,FA-3-66496,AUCH,1,30-66320562-1,54747312,3,35,
1082,5010150000000,2024-07-16,FA-3-66497,AUCH,1,30-66320562-1,59379802,3,45,
1083,5010150000000,2024-07-16,FA-3-66498,POCH,1,30-66320562-1,58661103,3,74,
1084,5010000000000,2024-07-16,FA-3-66499,AUCH,1,30-66320562-1,10777205,3,75,
1085,5010150000000,2024-07-16,FA-3-66500,POCH,1,30-66320562-1,20844404,3,31,
1086,5010150000000,2024-07-16,FA-3-66501,AUCH,1,30-66320562-1,58458402,3,73,
1087,5010000000000,2024-07-16,FA-3-66502,POCH,1,30-66320562-1,58088605,3,103,
1088,810667,2024-07-16,FA-3-66485,AUCH,1,30-50005536-3,4632016,1,115,
1089,2512262,2024-07-16,FA-3-66504,POCH,1,34-50004533-9,31717202,1,81,
1090,2387443,2024-07-16,FA-3-66505,AUCH,1,34-50004533-9,31499301,6,81,
1091,2386855,2024-07-16,FA-3-66506,AUCH,1,34-50004533-9,31413926,3,83,
1092,2389052,2024-07-16,FA-3-66507,POAL,1,34-50004533-9,31514957,3,45,
1093,3903259,2024-07-16,FA-3-66510,POCH,1,30-50003578-8,8956092,1,32,
1094,3903337,2024-07-16,FA-3-66511,POAL,1,30-50003578-8,8996916,1,95,
1095,1069134,2024-07-16,FA-3-66512,AUCHPOAL,2,30-50005710-2,2138268,1,95,
1096,2460096,2024-07-16,FA-3-66508,AUPOCH,2,30-50003691-1,515203315,3,84,
1097,2330195,2024-07-16,FA-3-66509,AUCH,1,30-50003691-1,514515071,3,86,
1098,3161350,2024-07-16,FA-3-66488,AUAL,1,30-50001770-4,58298374,7,45,
1099,2885812,2024-07-16,FA-3-66489,AUCH,1,30-50001770-4,56968450,1,103,
1100,2886318,2024-07-16,FA-3-66490,AUCH,1,30-50001770-4,57372032,3,83,
1101,163543,2024-07-16,FA-3-66486,POCH,1,30-50004359-4,923653,1,83,
1102,163525,2024-07-16,FA-3-66487,POCH,1,30-50004359-4,934848,1,29,
1103,91429842,2024-07-16,FA-4-1246,AUPOCH,2,30-50004977-0,176225,5,74,
1104,91428219,2024-07-16,FA-4-1247,POAL,1,30-50004977-0,176333,5,95,
1105,91423003,2024-07-16,FA-3-66481,AUCH,1,30-50004977-0,169429,6,35,
1106,6634821,2024-07-16,FA-3-66492,POAL,1,30-50005031-0,529837632,3,44,Cobertura 90%
1107,6638217,2024-07-16,FA-3-66493,AUCH,1,30-50005031-0,661422912,3,74,
1108,6638363,2024-07-16,FA-3-66494,AUPOCH,3,30-50005031-0,621574262,3,31,
1109,1601500,2024-07-16,FA-4-1243,AUPOCH,2,30-50005666-1,9390825,1,7,
1110,1601977,2024-07-16,FA-4-1244,AUCHPOAL,2,30-50005666-1,9198126,1,31,
1111,1601522,2024-07-16,FA-4-1245,AUPOCH,3,30-50005666-1,8852816,1,103,
1112,1602416,2024-07-16,FA-4-1248,POAL,1,30-50005666-1,8954758,1,82,
1113,1602754,2024-07-16,FA-4-1249,AUCHPOAL,3,30-50005666-1,9175096,1,107,
1114,1478878,2024-07-16,FA-3-66482,AUCH,1,30-50006577-6,2567339,7,105,
1115,1479719,2024-07-16,FA-3-66483,AUCH,1,30-50006577-6,2611085,7,47,
1116,1477604,2024-07-16,FA-3-66484,AUCH,1,30-50006577-6,2745097,7,75,
1117,9021530,2024-07-16,FA-3-66491,AUPOCH,2,33-50003806-9,12572838,3,85,
1118,666383,2024-07-16,FA-3-66513,POAL,1,30-67856116-5,2272910,8,101,
1119,12280000000000,2024-07-16,FA-3-66503,POAL,1,30-71459054-1,25543802,3,64,
1120,67775002,2024-07-17,FA-3-66527,AUCH,1,30-69940815-4,4392691,3,81,
1121,8140610000000,2024-07-17,FA-3-66531,AUCH,1,30-66320562-1,22300001,3,44,
1122,1358928,2024-07-17,FA-3-66524,AUCH,1,30-51541976-0,2405166,1,34,
1123,2390141,2024-07-17,FA-3-66533,POCH,1,34-50004533-9,31525480,3,30,
1124,2332037,2024-07-17,FA-3-66534,AUPOCH,2,30-50003691-1,514514798,3,67,
1125,3174921,2024-07-17,FA-3-66521,AUCH,1,30-50001770-4,58928347,7,45,
1126,2825104,2024-07-17,FA-3-66522,POCH,1,30-50001770-4,54763982,6,74,
1127,650162001,2024-07-17,FA-3-66528,AUPOCH,2,30-50003288-6,7910576,3,106,
1128,649598001,2024-07-17,FA-3-66529,AUCH,1,30-50003288-6,7822849,3,95,
1129,163548,2024-07-17,FA-3-66523,POAL,2,30-50004359-4,917333,1,71,
1130,6638539,2024-07-17,FA-3-66530,AUCH,1,30-50005031-0,661318452,3,85,
1131,54922,2024-07-17,FA-3-66525,AUPOCH,2,30-51830942-7,5451134,3,19,
1132,54941,2024-07-17,FA-3-66526,POCH,1,30-51830942-7,5504904,3,38,
1133,1453401,2024-07-17,FA-3-66520,AUPOCH,2,30-50006577-6,2749493,1,70,
1134,12280000000000,2024-07-17,FA-3-66532,POAL,1,30-71459054-1,21390104,3,86,
1135,5570000000000,2024-07-18,FA-3-66548,AUCH,1,30-66320562-1,54214015,3,22,
1136,5010150000000,2024-07-18,FA-3-66549,POCH,1,30-66320562-1,58911003,3,16,
1137,5010150000000,2024-07-18,FA-3-66550,AUPOCH,3,30-66320562-1,20105811,3,31,Pendiente entregar 1 cubierta
1138,5010150000000,2024-07-18,FA-3-66551,POAL,1,30-66320562-1,20734603,3,109,
1139,5010000000000,2024-07-18,FA-3-66552,POAL,1,30-66320562-1,59440601,3,109,
1140,5010150000000,2024-07-18,FA-3-66570,POCH,1,30-66320562-1,20490508,3,75,
1141,5010110000000,2024-07-18,FA-3-66571,AUCH,1,30-66320562-1,56473704,3,35,
1142,5010150000000,2024-07-18,FA-3-66572,POCH,1,30-66320562-1,55103911,3,43,
1143,5010150000000,2024-07-18,FA-3-66573,POCH,1,30-66320562-1,58199104,3,44,
1144,5010000000000,2024-07-18,FA-3-66574,POCH,1,30-66320562-1,58215902,3,31,
1145,2390602,2024-07-18,FCEA-4-327,POAL,1,34-50004533-9,31453481,1,109,
1146,2388143,2024-07-18,FA-3-66554,AUCH,1,34-50004533-9,32388143,3,103,
1147,2390022,2024-07-18,FA-3-66564,AUCH,1,34-50004533-9,31405873,3,82,
1148,2389841,2024-07-18,FA-3-66569,POAL,1,34-50004533-9,31437930,3,45,
1149,3903558,2024-07-18,FA-3-66556,POAL,1,30-50003578-8,9006733,1,96,
1150,425097,2024-07-18,FA-3-66576,AUPOCH,2,30-50005116-3,14056868,3,18,
1151,2332400,2024-07-18,FA-3-66555,AUCH,1,30-50003691-1,515054613,3,81,
1152,3175819,2024-07-18,FA-3-66542,AUCH,1,30-50001770-4,57339078,3,44,
1153,3177364,2024-07-18,FA-3-66559,POCH,1,30-50001770-4,57657481,1,19,
1154,2887046,2024-07-18,FA-3-66560,AUCH,1,30-50001770-4,57699221,1,44,
1155,3106485,2024-07-18,FA-3-66567,AUCH,1,30-50001770-4,56488624,1,44,
1156,163596,2024-07-18,FA-3-66538,POCH,1,30-50004359-4,918736,1,43,
1157,162717,2024-07-18,FA-3-66539,POCH,1,30-50004359-4,918223,1,44,
1158,163320,2024-07-18,FA-3-66561,POAL,1,30-50004359-4,918199,1,107,
1159,420241000000,2024-07-18,FA-3-66565,POCH,1,30-50000012-7,7576298,1,81,
1160,91431103,2024-07-18,FA-4-1250,POCH,1,30-50004977-0,177128,5,99,
1161,6638185,2024-07-18,FA-3-66543,POCH,1,30-50005031-0,66813852,3,83,
1162,6634038,2024-07-18,FA-3-66544,AUCH,1,30-50005031-0,529849242,3,81,
1163,6636027,2024-07-18,FA-3-66545,POCH,1,30-50005031-0,66774812,3,43,
1164,6637672,2024-07-18,FA-3-66546,AUCH,1,30-50005031-0,66541552,3,81,
1165,6637955,2024-07-18,FA-3-66547,AUPOCH,2,30-50005031-0,66529162,3,112,
1166,6636480,2024-07-18,FA-3-66563,AUCH,1,30-50005031-0,66508329,3,81,
1167,1481292,2024-07-18,FA-3-66557,AUCH,1,30-50006577-6,2779578,7,75,
1168,1481292,2024-07-18,FA-3-66558,POCH,1,30-50006577-6,2704298,7,75,
1169,1421826,2024-07-18,FA-3-66568,AUCH,1,30-50006577-6,2749449,3,95,
1170,3975567,2024-07-18,FA-3-66540,POCH,1,33-50003806-9,12501659,1,103,
1171,9021591,2024-07-18,FA-3-66541,AUCH,1,33-50003806-9,12960806,3,81,
1172,4376898,2024-07-18,FA-3-66566,AUPOCH,2,30-50004717-4,2894832,1,96,
1173,12280000000000,2024-07-18,FA-3-66553,POCH,1,30-71459054-1,25021402,3,26,
1174,12280900000000,2024-07-18,FA-3-66575,POAL,1,30-71459054-1,25070301,3,95,
1175,5010000000000,2024-07-21,FA-3-66577,AUCHPOAL,3,30-66320562-1,58215902,3,31,
1176,5010150000000,2024-07-21,FA-3-66590,AUCH,1,30-66320562-1,21137312,3,95,
1177,4540010000000,2024-07-21,FA-3-66591,POAL,1,30-66320562-1,37297017,3,45,
1178,5220000000000,2024-07-21,FA-3-66592,AUCH,1,30-66320562-1,21520710,3,84,
1179,5010150000000,2024-07-21,FA-3-66593,POAL,1,30-66320562-1,58534102,3,109,
1180,5010000000000,2024-07-21,FA-3-66594,POAL,1,30-66320562-1,58851603,3,83,
1181,5010150000000,2024-07-21,FA-3-66595,POAL,1,30-66320562-1,55969709,3,45,
1182,5010150000000,2024-07-21,FA-3-66596,AUCH,1,30-66320562-1,57979505,3,44,
1183,1234896,2024-07-21,FA-3-66583,POAL,1,30-51541976-0,2386680,1,62,
1184,2390638,2024-07-21,FA-3-66597,POCH,1,34-50004533-9,31412043,1,75,
1185,2510636,2024-07-21,FA-3-66598,POCH,1,34-50004533-9,31738579,3,80,
1186,2390221,2024-07-21,FA-3-66599,AUCH,1,34-50004533-9,31583350,3,84,
1187,3166236,2024-07-21,FA-3-66581,AUCH,1,30-50001770-4,55897599,7,35,
1188,647337002,2024-07-21,FA-3-66588,AUCH,1,30-50003288-6,7863295,3,44,
1189,163630,2024-07-21,FA-3-66582,AUPOCH,2,30-50004359-4,934885,1,92,
1190,404471,2024-07-21,FA-3-66587,AUCH,1,30-50004045-5,3895054,3,32,
1191,91429747,2024-07-21,FA-4-1252,AUCH,1,30-50004977-0,177242,5,30,
1192,91429490,2024-07-21,FA-4-1253,POCH,1,30-50004977-0,177166,5,103,
1193,91431983,2024-07-21,FA-4-1254,POCH,1,30-50004977-0,177403,5,31,
1194,6638337,2024-07-21,FA-3-66589,POAL,1,30-50005031-0,622549092,3,82,
1195,1450479,2024-07-21,FA-3-66585,AUCH,1,30-50006577-6,2671511,1,81,
1196,1421744,2024-07-21,FA-3-66586,AUCH,1,30-50006577-6,2682609,3,43,
1197,1482097,2024-07-21,FA-3-66602,POCH,1,30-50006577-6,2716676,7,75,
1198,4203898,2024-07-21,FA-3-66584,AUCH,1,30-50004717-4,2895561,1,95,
1199,668026,2024-07-21,FA-3-66600,AUCH,1,30-67856116-5,2294628,8,95,
1200,668821,2024-07-21,FA-3-66601,POCH,1,30-67856116-5,2261888,8,98,
1201,5010000000000,2024-07-21,NCA-3-1114,POCH,1,30-66320562-1,58215902,3,31,
1202,2390602,2024-07-22,FA-3-66603,POAL,1,34-50004533-9,31453481,1,109,
1203,5010150000000,2024-07-22,FA-3-66610,AUCH,1,30-66320562-1,58685501,3,43,
1204,5010150000000,2024-07-22,FA-3-66611,AUCH,1,30-66320562-1,59300901,3,86,
1205,5010150000000,2024-07-22,FA-3-66616,AUCHPOAL,2,30-66320562-1,10583111,3,45,
1206,1071589,2024-07-22,FA-3-66617,AUCH,1,30-50005710-2,2143178,1,102,
1207,3170644,2024-07-22,FA-3-66606,AUCH,1,30-50001770-4,58890234,7,96,
1208,2886953,2024-07-22,FA-3-66615,AUCH,1,30-50001770-4,57335485,3,95,
1209,163647,2024-07-22,FA-3-66607,AUCH,1,30-50004359-4,929473,1,48,
1210,420241000000,2024-07-22,FA-3-66612,AUCH,1,30-50000012-7,181697,4,47,
1211,91423525,2024-07-22,FA-3-66604,AUCHPOAL,2,30-50004977-0,170437,1,116,
1212,2272994,2024-07-22,FA-4-1256,AUCH,1,30-52750816-5,10177451,5,97,
1213,6638859,2024-07-22,FA-3-66609,POAL,1,30-50005031-0,661165632,3,95,
1214,1601048,2024-07-22,FA-4-1255,POCH,1,30-50005666-1,8963217,1,99,
1215,1483467,2024-07-22,FA-3-66605,AUCH,1,30-50006577-6,2665430,7,75,
1216,9021628,2024-07-22,FA-3-66608,POAL,1,33-50003806-9,12741546,3,95,
1217,4123198,2024-07-22,FA-3-66614,AUPOCH,2,30-50004717-4,2899081,1,85,
1218,668840,2024-07-22,FA-3-66613,AUCH,1,30-67856116-5,2242523,8,48,
1219,2390602,2024-07-22,NCEA-4-14,POAL,1,34-50004533-9,31453481,1,109,
1220,5010150000000,2024-07-24,FA-3-66631,AUCH,1,30-66320562-1,57354706,3,74,
1221,5010150000000,2024-07-24,FA-3-66632,POAL,1,30-66320562-1,59155402,3,45,
1222,5010150000000,2024-07-24,FA-3-66633,POAL,1,30-66320562-1,56238808,3,85,
1223,5010150000000,2024-07-24,FA-3-66634,AUPOCH,2,30-66320562-1,20243411,3,84,
1224,1078934,2024-07-24,FA-3-66630,POCH,1,30-51541976-0,2402624,1,36,
1225,2421442,2024-07-24,FA-3-66640,POCH,1,34-50004533-9,31595584,3,30,
1226,2003417024,2024-07-24,FCEA-4-328,POAL,1,30-50004946-0,736323,2,109,
1227,419987,2024-07-24,FA-3-66636,POCH,1,30-50005116-3,14161665,3,74,
1228,2304009,2024-07-24,FA-3-66637,AUCH,1,30-50003691-1,514684358,3,5,Cobertura 90%
1229,2330797,2024-07-24,FA-3-66638,POAL,1,30-50003691-1,514653439,3,66,
1230,2330714,2024-07-24,FA-3-66639,AUPOCH,2,30-50003691-1,514866592,3,74,
1231,3168021,2024-07-24,FA-3-66627,AUCH,1,30-50001770-4,57224583,1,57,
1232,163685,2024-07-24,FA-3-66629,POCH,1,30-50004359-4,913099,1,103,
1233,1577542,2024-07-24,FA-3-66628,AUCH,1,30-50006171-1,11449279,6,72,
1234,170698670,2024-07-24,FA-4-1257,AUCH,1,30-50003639-3,177584,5,44,
1235,1446782,2024-07-24,FA-3-66626,AUCH,1,30-50006577-6,2624375,1,85,
1236,12280000000000,2024-07-24,FA-3-66635,POCH,1,30-71459054-1,24809802,3,81,
1237,2502445,2024-07-24,FA-3-66643,POAL,1,34-50004533-9,31472632,3,95,
1238,2502445,2024-07-24,NCA-3-1115,AUCH,1,34-50004533-9,31472632,3,95,
1239,5210120000000,2024-07-25,FA-3-66652,POAL,1,30-66320562-1,15861411,3,45,
1240,5010000000000,2024-07-25,FA-3-66653,AUPOCH,2,30-66320562-1,57020306,3,31,
1241,5010150000000,2024-07-25,FA-3-66654,POCH,1,30-66320562-1,58679203,3,74,
1242,2390995,2024-07-25,FA-3-66655,AUCH,1,34-50004533-9,31308594,3,86,
1243,1071291,2024-07-25,FA-3-66657,AUCH,1,30-50005710-2,2142582,1,81,
1244,2330772,2024-07-25,FA-3-66656,POCH,1,30-50003691-1,514782466,3,17,
1245,3168156,2024-07-25,FA-3-66650,AUAL,1,30-50001770-4,57287745,3,45,
1246,650695001,2024-07-25,FA-3-66649,AUCH,1,30-50003288-6,7847641,3,95,Cobertura 90%
1247,405441,2024-07-25,FA-3-66651,AUCH,1,30-50004045-5,4008987,3,29,
1248,1603730,2024-07-25,FCEA-4-329,POAL,2,30-50005666-1,8902726,1,95,
1249,1603679,2024-07-25,FA-4-1258,POCH,1,30-50005666-1,9168021,1,31,
1250,1602059,2024-07-25,FA-4-1259,AUPOCH,2,30-50005666-1,9130692,1,29,Pendiente entregar 1 llanta
1251,1482695,2024-07-25,FA-3-66647,POCH,1,30-50006577-6,2738384,7,34,
1252,3846198,2024-07-25,FA-3-66648,POAL,1,30-50004717-4,2899131,1,85,
