factura_id;factura_tipo;factura_fecha;factura_pdv;factura_nro;rueda_item;rueda_precio;rueda_cantidad;factura_precio
FA-3-65393;FA;2024-05-02;3;65393;32;241166,67;3;723500
FA-3-65394;FA;2024-05-02;3;65394;116;221500;1;221500
FA-3-65395;FA;2024-05-02;3;65395;82;120750;2;241500
FA-3-65396;FA;2024-05-02;3;65396;71;231500;1;231500
FA-3-65397;FA;2024-05-02;3;65397;104;175000;3;525000
FA-3-65398;FA;2024-05-02;3;65398;22;288000;1;288000
FA-3-65399;FA;2024-05-02;3;65399;23;444355;1;444355
FA-3-65400;FA;2024-05-02;3;65400;69;313225;1;313225
FA-3-65401;FA;2024-05-02;3;65401;52;767480;1;767480
FA-3-65402;FA;2024-05-02;3;65402;72;251700;1;251700
FA-3-65403;FA;2024-05-02;3;65403;101;200000;1;200000
FA-3-65404;FA;2024-05-02;3;65404;117;209905;2;419810
FA-3-65405;FA;2024-05-02;3;65405;110;210000;1;210000
FA-3-65406;FA;2024-05-02;3;65406;96;208827,5;2;417655
FA-3-65410;FA;2024-05-02;3;65410;90;440060;1;440060
FA-3-65411;FA;2024-05-02;3;65411;118;266095;1;266095
FA-3-65412;FA;2024-05-02;3;65412;12;202660;1;202660
FA-3-65413;FA;2024-05-02;3;65413;25;190655;3;571965
FA-3-65414;FA;2024-05-02;3;65414;98;576655;1;576655
FA-3-65417;FA;2024-05-02;3;65417;53;301400;1;301400
FCEA-4-310;FCEA;2024-05-02;4;310;8;1171680;3;3515040
FA-3-65408;FA;2024-05-02;3;65408;13;206000;1;206000
FA-3-65409;FA;2024-05-02;3;65409;111;278250;1;278250
FA-3-65381;FA;2024-05-02;3;65381;14;438500;1;438500
FA-3-65415;FA;2024-05-02;3;65415;39;423510;1;423510
FA-3-65416;FA;2024-05-02;3;65416;111;573050;1;573050
FA-3-65383;FA;2024-05-02;3;65383;90;327010;1;327010
FA-3-65384;FA;2024-05-02;3;65384;53;939000;1;939000
FA-3-65377;FA;2024-05-02;3;65377;36;457730;1;457730
FA-3-65378;FA;2024-05-02;3;65378;81;169780;2;339560
FA-3-65418;FA;2024-05-02;3;65418;100;513092;1;513092
FA-3-65385;FA;2024-05-02;3;65385;108;170000;1;170000
FA-3-65386;FA;2024-05-02;3;65386;97;438510;1;438510
FA-3-65387;FA;2024-05-02;3;65387;39;377590;1;377590
FA-3-65388;FA;2024-05-02;3;65388;2;406001;1;406001
FA-3-65389;FA;2024-05-02;3;65389;49;273445;1;273445
FA-3-65390;FA;2024-05-02;3;65390;101;174160;1;174160
FA-3-65391;FA;2024-05-02;3;65391;16;332968,5;1;332968,5
FA-3-65392;FA;2024-05-02;3;65392;85;275015;1;275015
FA-3-65382;FA;2024-05-02;3;65382;84;170000;1;170000
FA-4-1074;FA;2024-05-02;4;1074;38;1280250;1;1280250
FA-3-65372;FA;2024-05-02;3;65372;110;525400;1;525400
FA-3-65373;FA;2024-05-02;3;65373;41;217005;2;434010
FA-3-65374;FA;2024-05-02;3;65374;9;171500;1;171500
FA-3-65375;FA;2024-05-02;3;65375;22;161500;1;161500
FA-3-65376;FA;2024-05-02;3;65376;72;509335;1;509335
FA-3-65379;FA;2024-05-02;3;65379;18;623840;1;623840
FA-3-65380;FA;2024-05-02;3;65380;70;369335;1;369335
FA-3-65419;FA;2024-05-02;3;65419;36;210625;1;210625
FA-3-65420;FA;2024-05-02;3;65420;113;449850;1;449850
FA-3-65407;FA;2024-05-02;3;65407;9;327350;1;327350
FA-3-65433;FA;2024-05-03;3;65433;74;250000;1;250000
FA-3-65426;FA;2024-05-03;3;65426;119;373000;1;373000
FA-3-65440;FA;2024-05-03;3;65440;9;380000;1;380000
FA-3-65441;FA;2024-05-03;3;65441;88;214300;2;428600
FA-3-65442;FA;2024-05-03;3;65442;95;221500;1;221500
FA-3-65436;FA;2024-05-03;3;65436;89;214300;1;214300
FA-3-65437;FA;2024-05-03;3;65437;57;265000;1;265000
FA-3-65438;FA;2024-05-03;3;65438;78;309360;1;309360
FA-3-65429;FA;2024-05-03;3;65429;110;133047,5;2;266095
FA-3-65430;FA;2024-05-03;3;65430;87;627285;1;627285
FA-3-65427;FA;2024-05-03;3;65427;21;345833,33;3;1037500
FA-4-1082;FA;2024-05-03;4;1082;48;166330;2;332660
FA-3-65443;FA;2024-05-03;3;65443;14;339560;1;339560
FA-3-65439;FA;2024-05-03;3;65439;114;198500;1;198500
FA-3-65431;FA;2024-05-03;3;65431;78;190000;1;190000
FA-3-65432;FA;2024-05-03;3;65432;44;434010;1;434010
FA-4-1076;FA;2024-05-03;4;1076;115;512800;1;512800
FA-4-1077;FA;2024-05-03;4;1077;29;374100;1;374100
FA-4-1078;FA;2024-05-03;4;1078;107;802215;1;802215
FA-4-1079;FA;2024-05-03;4;1079;11;678550;1;678550
FA-4-1080;FA;2024-05-03;4;1080;54;298525;2;597050
FA-3-65425;FA;2024-05-03;3;65425;49;273250;1;273250
FA-3-65428;FA;2024-05-03;3;65428;31;214300;1;214300
FA-3-65434;FA;2024-05-03;3;65434;111;409360;1;409360
FA-3-65435;FA;2024-05-03;3;65435;78;186600;1;186600
FA-3-65475;FA;2024-05-06;3;65475;9;385590;1;385590
FA-3-65460;FA;2024-05-06;3;65460;53;190000;1;190000
FA-3-65461;FA;2024-05-06;3;65461;117;254160;1;254160
FA-3-65462;FA;2024-05-06;3;65462;56;215400;1;215400
FA-3-65463;FA;2024-05-06;3;65463;64;474400;1;474400
FA-3-65472;FA;2024-05-06;3;65472;79;155305;2;310610
FA-3-65473;FA;2024-05-06;3;65473;56;279300;1;279300
FA-3-65476;FA;2024-05-06;3;65476;61;189100;1;189100
FA-3-65477;FA;2024-05-06;3;65477;11;287750;2;575500
FA-3-65478;FA;2024-05-06;3;65478;75;272408;1;272408
FA-3-65455;FA;2024-05-06;3;65455;38;161500;1;161500
FA-3-65466;FA;2024-05-06;3;65466;3;797650;1;797650
FA-3-65467;FA;2024-05-06;3;65467;100;130750;2;261500
FA-3-65468;FA;2024-05-06;3;65468;34;248894;1;248894
FA-3-65469;FA;2024-05-06;3;65469;77;151000;1;151000
FA-3-65470;FA;2024-05-06;3;65470;111;416849;1;416849
FA-3-65471;FA;2024-05-06;3;65471;28;147000;1;147000
FA-3-65452;FA;2024-05-06;3;65452;87;231500;1;231500
FA-3-65453;FA;2024-05-06;3;65453;84;748150;2;1496300
FA-3-65454;FA;2024-05-06;3;65454;88;1060600;1;1060600
FA-3-65457;FA;2024-05-06;3;65457;24;637310;1;637310
FA-4-1083;FA;2024-05-06;4;1083;45;427905;1;427905
FA-3-65465;FA;2024-05-06;3;65465;47;437795;2;875590
FA-3-65474;FA;2024-05-06;3;65474;69;900020;1;900020
FA-3-65464;FA;2024-05-06;3;65464;107;397090;1;397090
FA-3-65458;FA;2024-05-06;3;65458;45;236925;1;236925
FA-3-65459;FA;2024-05-06;3;65459;35;190001;1;190001
FA-3-65456;FA;2024-05-06;3;65456;80;190000;1;190000
FA-3-65447;FA;2024-05-06;3;65447;95;204522,5;2;409045
FA-3-65448;FA;2024-05-06;3;65448;71;473400;1;473400
FA-3-65449;FA;2024-05-06;3;65449;17;437610;1;437610
FA-3-65450;FA;2024-05-06;3;65450;5;261660;1;261660
FA-3-65451;FA;2024-05-06;3;65451;52;190000;1;190000
FA-3-65506;FA;2024-05-07;3;65506;48;237200;2;474400
FA-3-65507;FA;2024-05-07;3;65507;92;284350;1;284350
FA-3-65508;FA;2024-05-07;3;65508;53;262500;1;262500
FA-3-65509;FA;2024-05-07;3;65509;65;474400;1;474400
FA-3-65510;FA;2024-05-07;3;65510;84;428575;1;428575
FA-3-65511;FA;2024-05-07;3;65511;8;161500;1;161500
FA-3-65512;FA;2024-05-07;3;65512;75;511205;1;511205
FA-3-65513;FA;2024-05-07;3;65513;99;493670;1;493670
FA-3-65517;FA;2024-05-07;3;65517;53;160000;1;160000
FA-3-65518;FA;2024-05-07;3;65518;93;173350;1;173350
FA-3-65519;FA;2024-05-07;3;65519;8;423510;1;423510
FA-3-65525;FA;2024-05-07;3;65525;64;368520;1;368520
FA-3-65515;FA;2024-05-07;3;65515;44;423500;1;423500
FA-3-65516;FA;2024-05-07;3;65516;46;550000;1;550000
FA-3-65521;FA;2024-05-07;3;65521;24;146940;1;146940
FA-3-65522;FA;2024-05-07;3;65522;6;624360;1;624360
FA-3-65523;FA;2024-05-07;3;65523;93;178500;1;178500
FA-3-65524;FA;2024-05-07;3;65524;28;217755;2;435510
FA-3-65497;FA;2024-05-07;3;65497;14;494000;1;494000
FA-3-65498;FA;2024-05-07;3;65498;73;494000;1;494000
FA-3-65499;FA;2024-05-07;3;65499;7;177400;3;532200
FA-3-65490;FA;2024-05-07;3;65490;48;471850;2;943700
FA-3-65491;FA;2024-05-07;3;65491;109;106440;3;319320
FA-3-65520;FA;2024-05-07;3;65520;116;128750;2;257500
FA-3-65501;FA;2024-05-07;3;65501;101;381159;1;381159
FA-3-65502;FA;2024-05-07;3;65502;69;407500,5;2;815001
FA-3-65503;FA;2024-05-07;3;65503;97;171500;1;171500
FA-3-65504;FA;2024-05-07;3;65504;74;190000;1;190000
FA-3-65505;FA;2024-05-07;3;65505;115;163350;1;163350
FA-3-65500;FA;2024-05-07;3;65500;31;190000;1;190000
FA-4-1084;FA;2024-05-07;4;1084;101;736500;1;736500
FA-4-1085;FA;2024-05-07;4;1085;46;875800;1;875800
FA-3-65487;FA;2024-05-07;3;65487;20;249250;2;498500
FA-3-65489;FA;2024-05-07;3;65489;97;200000;1;200000
FA-3-65492;FA;2024-05-07;3;65492;63;125000;2;250000
FA-3-65493;FA;2024-05-07;3;65493;95;214300;1;214300
FA-3-65494;FA;2024-05-07;3;65494;109;115700;2;231400
FA-3-65495;FA;2024-05-07;3;65495;89;231300;1;231300
FA-3-65496;FA;2024-05-07;3;65496;22;438510;1;438510
FA-3-65526;FA;2024-05-07;3;65526;40;402500;2;805000
FA-3-65527;FA;2024-05-07;3;65527;113;121250;2;242500
FA-3-65514;FA;2024-05-07;3;65514;28;273250;1;273250
FA-3-65537;FA;2024-05-09;3;65537;6;555898,2;1;555898,2
FA-3-65564;FA;2024-05-09;3;65564;42;438500;1;438500
FA-3-65565;FA;2024-05-09;3;65565;52;400000;1;400000
FA-3-65566;FA;2024-05-09;3;65566;56;692500;1;692500
FA-3-65567;FA;2024-05-09;3;65567;39;161550;2;323100
FA-3-65568;FA;2024-05-09;3;65568;10;440110;1;440110
FA-3-65569;FA;2024-05-09;3;65569;79;250000;1;250000
FA-3-65570;FA;2024-05-09;3;65570;81;518850;1;518850
FA-3-65576;FA;2024-05-09;3;65576;4;362433,33;3;1087300
FA-3-65577;FA;2024-05-09;3;65577;1;136625;2;273250
FA-3-65578;FA;2024-05-09;3;65578;119;128750;2;257500
FA-3-65584;FA;2024-05-09;3;65584;60;264168,33;3;792505
FA-4-1086;FA;2024-05-09;4;1086;5;316751;1;316751
FA-4-1087;FA;2024-05-09;4;1087;66;229500;1;229500
FA-3-65573;FA;2024-05-09;3;65573;85;281250;1;281250
FA-3-65574;FA;2024-05-09;3;65574;85;189950;1;189950
FA-3-65575;FA;2024-05-09;3;65575;112;199012,5;2;398025
FA-3-65579;FA;2024-05-09;3;65579;49;343340;1;343340
FA-3-65580;FA;2024-05-09;3;65580;111;307615;1;307615
FA-3-65581;FA;2024-05-09;3;65581;16;147000;1;147000
FA-3-65582;FA;2024-05-09;3;65582;45;122157,5;2;244315
FA-3-65583;FA;2024-05-09;3;65583;34;147768;2;295536
FA-3-65545;FA;2024-05-09;3;65545;102;252295;2;504590
FA-3-65546;FA;2024-05-09;3;65546;93;259000;1;259000
FA-3-65547;FA;2024-05-09;3;65547;90;383000;3;1149000
FA-3-65548;FA;2024-05-09;3;65548;40;237200;2;474400
FA-3-65549;FA;2024-05-09;3;65549;107;423510;1;423510
FA-3-65550;FA;2024-05-09;3;65550;117;330000;1;330000
FA-3-65551;FA;2024-05-09;3;65551;65;481690;1;481690
FA-4-1039;FA;2024-05-09;4;1039;52;181604;1;181604
FA-3-65556;FA;2024-05-09;3;65556;28;182000;1;182000
FA-3-65553;FA;2024-05-09;3;65553;34;190000;1;190000
FA-4-1095;FA;2024-05-09;4;1095;118;400400;1;400400
FA-3-65554;FA;2024-05-09;3;65554;117;337010;1;337010
FA-3-65555;FA;2024-05-09;3;65555;88;113750;2;227500
FA-3-65557;FA;2024-05-09;3;65557;120;190000;1;190000
FA-3-65558;FA;2024-05-09;3;65558;107;273250;1;273250
FA-3-65559;FA;2024-05-09;3;65559;105;123756,75;2;247513,5
FA-3-65560;FA;2024-05-09;3;65560;15;165000;1;165000
FA-3-65561;FA;2024-05-09;3;65561;111;263935;1;263935
FA-3-65562;FA;2024-05-09;3;65562;120;573510;1;573510
FA-3-65563;FA;2024-05-09;3;65563;103;257500;1;257500
FA-3-65552;FA;2024-05-09;3;65552;16;247550;1;247550
FA-4-1094;FA;2024-05-09;4;1094;101;356976,67;3;1070930
FCEA-4-311;FCEA;2024-05-09;4;311;116;1605600;1;1605600
FA-4-1088;FA;2024-05-09;4;1088;101;545890;1;545890
FA-4-1089;FA;2024-05-09;4;1089;64;507375;1;507375
FA-4-1090;FA;2024-05-09;4;1090;70;545890;1;545890
FA-4-1091;FA;2024-05-09;4;1091;113;187227,5;2;374455
FA-4-1092;FA;2024-05-09;4;1092;92;286695;2;573390
FA-3-65539;FA;2024-05-09;3;65539;91;67500;1;67500
FA-3-65540;FA;2024-05-09;3;65540;121;277165;2;554330
FA-3-65541;FA;2024-05-09;3;65541;46;505850;1;505850
FA-3-65542;FA;2024-05-09;3;65542;103;215000;2;430000
FA-3-65543;FA;2024-05-09;3;65543;46;190000;1;190000
FA-3-65544;FA;2024-05-09;3;65544;84;591175;1;591175
FA-3-65585;FA;2024-05-09;3;65585;53;329500;1;329500
FA-3-65571;FA;2024-05-09;3;65571;71;237200;2;474400
FA-3-65572;FA;2024-05-09;3;65572;60;423500;1;423500
NCA-3-1102;NCA;2024-05-09;3;1102;85;-428575;1;-428575
FA-3-65603;FA;2024-05-10;3;65603;63;132266,67;3;396800
FA-3-65604;FA;2024-05-10;3;65604;115;190000;1;190000
FA-3-65605;FA;2024-05-10;3;65605;75;230000;1;230000
FA-3-65606;FA;2024-05-10;3;65606;73;718235;1;718235
FA-3-65607;FA;2024-05-10;3;65607;22;161500;2;323000
FA-3-65608;FA;2024-05-10;3;65608;103;257500;1;257500
FA-3-65609;FA;2024-05-10;3;65609;76;182000;1;182000
FA-4-1096;FA;2024-05-10;4;1096;101;257400;1;257400
FA-3-65591;FA;2024-05-10;3;65591;101;153500;1;153500
FA-3-65592;FA;2024-05-10;3;65592;26;423510;1;423510
FA-3-65588;FA;2024-05-10;3;65588;60;373250;1;373250
FA-3-65593;FA;2024-05-10;3;65593;67;402600;1;402600
FA-3-65610;FA;2024-05-10;3;65610;116;417850;1;417850
FA-4-1097;FA;2024-05-10;4;1097;9;1036860;1;1036860
FA-3-65594;FA;2024-05-10;3;65594;110;211084;3;633252
FA-3-65595;FA;2024-05-10;3;65595;32;187800;1;187800
FA-3-65596;FA;2024-05-10;3;65596;90;165000;1;165000
FA-3-65597;FA;2024-05-10;3;65597;60;448200,9;1;448200,9
FA-3-65598;FA;2024-05-10;3;65598;115;243000;1;243000
FA-3-65599;FA;2024-05-10;3;65599;61;518040;1;518040
FA-3-65600;FA;2024-05-10;3;65600;23;167501;1;167501
FA-3-65601;FA;2024-05-10;3;65601;18;290700,9;1;290700,9
FA-3-65602;FA;2024-05-10;3;65602;20;156501;1;156501
FA-4-1098;FA;2024-05-10;4;1098;24;436600;3;1309800
FA-4-1099;FA;2024-05-10;4;1099;41;609850;2;1219700
FA-4-1100;FA;2024-05-10;4;1100;90;431950;2;863900
FA-4-1101;FA;2024-05-10;4;1101;35;353775;2;707550
FA-4-1102;FA;2024-05-10;4;1102;108;555318;1;555318
FA-3-65589;FA;2024-05-10;3;65589;101;171500;1;171500
FA-3-65590;FA;2024-05-10;3;65590;23;347005;1;347005
FA-3-65621;FA;2024-05-13;3;65621;119;1164500;1;1164500
FA-3-65622;FA;2024-05-13;3;65622;37;359000;1;359000
FA-3-65623;FA;2024-05-13;3;65623;109;185000;1;185000
FA-3-65624;FA;2024-05-13;3;65624;8;219000;1;219000
FA-3-65625;FA;2024-05-13;3;65625;97;132100;1;132100
FA-3-65615;FA;2024-05-13;3;65615;28;130250;2;260500
FA-3-65616;FA;2024-05-13;3;65616;48;106012,5;2;212025
FA-3-65617;FA;2024-05-13;3;65617;59;528550;1;528550
FA-3-65619;FA;2024-05-13;3;65619;99;273250;1;273250
FA-3-65620;FA;2024-05-13;3;65620;60;241885;1;241885
FA-4-1103;FA;2024-05-13;4;1103;57;286700;2;573400
FA-4-1104;FA;2024-05-13;4;1104;48;159850;2;319700
FA-4-1105;FA;2024-05-13;4;1105;85;629250;1;629250
FA-4-1106;FA;2024-05-13;4;1106;80;597050;1;597050
FA-3-65614;FA;2024-05-13;3;65614;107;165000;1;165000
FA-3-65618;FA;2024-05-13;3;65618;2;185000;1;185000
FA-4-1107;FA;2024-05-13;4;1107;110;424376;1;424376
FA-4-1108;FA;2024-05-13;4;1108;43;192400;2;384800
FA-4-1109;FA;2024-05-13;4;1109;109;638300;2;1276600
FA-4-1110;FA;2024-05-13;4;1110;20;261950;2;523900
FA-3-65649;FA;2024-05-14;3;65649;18;273250;1;273250
FA-3-65650;FA;2024-05-14;3;65650;64;168000;2;336000
FA-3-65651;FA;2024-05-14;3;65651;113;331500;1;331500
FA-3-65652;FA;2024-05-14;3;65652;76;182000;1;182000
FA-3-65653;FA;2024-05-14;3;65653;31;757600;1;757600
FA-3-65654;FA;2024-05-14;3;65654;30;176900;2;353800
FA-3-65655;FA;2024-05-14;3;65655;14;153807,5;2;307615
FA-3-65656;FA;2024-05-14;3;65656;22;388000;1;388000
FA-3-65657;FA;2024-05-14;3;65657;90;388000;1;388000
FA-3-65658;FA;2024-05-14;3;65658;85;221500;1;221500
FA-3-65659;FA;2024-05-14;3;65659;5;686925;1;686925
FA-3-65639;FA;2024-05-14;3;65639;37;273000;1;273000
FA-3-65640;FA;2024-05-14;3;65640;73;122000;2;244000
FA-3-65641;FA;2024-05-14;3;65641;34;122000;2;244000
FA-3-65642;FA;2024-05-14;3;65642;41;451350;1;451350
FA-3-65643;FA;2024-05-14;3;65643;57;423510;1;423510
FA-3-65644;FA;2024-05-14;3;65644;72;494500;2;989000
FA-3-65645;FA;2024-05-14;3;65645;75;474400;1;474400
FA-3-65632;FA;2024-05-14;3;65632;34;529670;1;529670
FA-3-65633;FA;2024-05-14;3;65633;13;498266,67;3;1494800
FA-3-65660;FA;2024-05-14;3;65660;39;177250;1;177250
FA-3-65661;FA;2024-05-14;3;65661;51;177250;1;177250
FA-3-65637;FA;2024-05-14;3;65637;10;207250;2;414500
FA-3-65638;FA;2024-05-14;3;65638;20;165000;2;330000
FA-3-65630;FA;2024-05-14;3;65630;11;165450;1;165450
FA-3-65646;FA;2024-05-14;3;65646;47;565500;1;565500
FA-3-65647;FA;2024-05-14;3;65647;110;309285;1;309285
FA-3-65648;FA;2024-05-14;3;65648;44;226500;1;226500
FA-3-65636;FA;2024-05-14;3;65636;83;182000;1;182000
FA-4-1111;FA;2024-05-14;4;1111;10;286700;2;573400
FA-4-1112;FA;2024-05-14;4;1112;21;279750;1;279750
FA-3-65631;FA;2024-05-14;3;65631;97;165000;1;165000
FA-3-65634;FA;2024-05-14;3;65634;35;511750;1;511750
FA-3-65635;FA;2024-05-14;3;65635;121;238750;2;477500
FA-3-65662;FA;2024-05-14;3;65662;76;923000;1;923000
NCA-4-20;NCA;2024-05-14;4;20;99;-424376;1;-424376
FA-3-65673;FA;2024-05-15;3;65673;49;195925;2;391850
FA-3-65674;FA;2024-05-15;3;65674;28;353295;1;353295
FA-3-65675;FA;2024-05-15;3;65675;118;310500;1;310500
FA-3-65676;FA;2024-05-15;3;65676;14;190000;1;190000
FA-3-65677;FA;2024-05-15;3;65677;86;153500;1;153500
FA-4-1113;FA;2024-05-15;4;1113;67;202975;1;202975
FA-3-65678;FA;2024-05-15;3;65678;31;332320;1;332320
FA-3-65670;FA;2024-05-15;3;65670;29;256550;1;256550
FA-3-65671;FA;2024-05-15;3;65671;26;176500;1;176500
FA-3-65672;FA;2024-05-15;3;65672;62;164500;1;164500
FA-3-65665;FA;2024-05-15;3;65665;72;1095850;1;1095850
FA-4-1114;FA;2024-05-15;4;1114;84;279557,5;2;559115
FA-4-1115;FA;2024-05-15;4;1115;70;431860;1;431860
FA-4-1116;FA;2024-05-15;4;1116;66;262300;1;262300
FA-3-65666;FA;2024-05-15;3;65666;116;67500;1;67500
FA-3-65667;FA;2024-05-15;3;65667;107;129500;2;259000
FA-3-65668;FA;2024-05-15;3;65668;57;386612;1;386612
FA-3-65669;FA;2024-05-15;3;65669;35;252225;1;252225
FA-3-65695;FA;2024-05-16;3;65695;91;122000;2;244000
FA-3-65696;FA;2024-05-16;3;65696;79;208000;1;208000
FA-3-65697;FA;2024-05-16;3;65697;29;230000;1;230000
FA-3-65683;FA;2024-05-16;3;65683;67;735000;1;735000
FA-3-65684;FA;2024-05-16;3;65684;80;365550;1;365550
FA-3-65685;FA;2024-05-16;3;65685;42;124500;2;249000
FA-3-65686;FA;2024-05-16;3;65686;1;269000;1;269000
FA-3-65687;FA;2024-05-16;3;65687;94;395500;1;395500
FA-3-65688;FA;2024-05-16;3;65688;52;322831;2;645662
FA-3-65689;FA;2024-05-16;3;65689;81;397665;1;397665
FA-3-65690;FA;2024-05-16;3;65690;101;402605;1;402605
FA-3-65691;FA;2024-05-16;3;65691;32;300000;1;300000
FA-3-65692;FA;2024-05-16;3;65692;47;120000;2;240000
FA-3-65693;FA;2024-05-16;3;65693;102;479001;1;479001
FA-3-65694;FA;2024-05-16;3;65694;49;316625,45;2;633250,9
FA-3-65682;FA;2024-05-16;3;65682;115;255845;1;255845
FA-3-65698;FA;2024-05-16;3;65698;51;243555;1;243555
FA-3-65716;FA;2024-05-17;3;65716;121;718250;1;718250
FA-3-65717;FA;2024-05-17;3;65717;54;274700;2;549400
FA-3-65718;FA;2024-05-17;3;65718;98;366520;1;366520
FA-3-65719;FA;2024-05-17;3;65719;59;460950;1;460950
FA-3-65720;FA;2024-05-17;3;65720;74;161500;1;161500
FA-3-65722;FA;2024-05-17;3;65722;119;171500;1;171500
FA-4-1119;FA;2024-05-17;4;1119;80;323551;1;323551
FA-4-1120;FA;2024-05-17;4;1120;11;876001;1;876001
FA-3-65721;FA;2024-05-17;3;65721;26;122000;2;244000
FA-3-65723;FA;2024-05-17;3;65723;62;297800;1;297800
FA-3-65704;FA;2024-05-17;3;65704;50;231500;1;231500
FA-3-65705;FA;2024-05-17;3;65705;35;520400;1;520400
FA-3-65706;FA;2024-05-17;3;65706;91;154662,5;2;309325
FA-3-65710;FA;2024-05-17;3;65710;66;846000;1;846000
FA-3-65711;FA;2024-05-17;3;65711;91;295040;1;295040
FA-3-65708;FA;2024-05-17;3;65708;31;263575;1;263575
FA-3-65712;FA;2024-05-17;3;65712;34;248175;1;248175
FA-3-65707;FA;2024-05-17;3;65707;57;289165;1;289165
FA-3-65713;FA;2024-05-17;3;65713;31;206500,5;2;413001
FA-3-65714;FA;2024-05-17;3;65714;23;263935;1;263935
FA-3-65715;FA;2024-05-17;3;65715;33;153000;1;153000
FA-4-1117;FA;2024-05-17;4;1117;89;582800;1;582800
FA-4-1118;FA;2024-05-17;4;1118;93;394200;1;394200
FA-3-65709;FA;2024-05-17;3;65709;39;229000;1;229000
FA-3-65728;FA;2024-05-17;3;65728;3;146050;1;146050
FA-3-65730;FA;2024-05-17;3;65730;99;199250;1;199250
FA-3-65731;FA;2024-05-17;3;65731;110;422500;1;422500
FA-3-65732;FA;2024-05-17;3;65732;105;465675;2;931350
FA-3-65733;FA;2024-05-17;3;65733;115;230000;1;230000
FA-3-65734;FA;2024-05-17;3;65734;24;150000;1;150000
FA-3-65729;FA;2024-05-17;3;65729;35;294480;1;294480
FA-4-1124;FA;2024-05-17;4;1124;60;979600;1;979600
FA-4-1123;FA;2024-05-17;4;1123;113;303775;1;303775
FCEA-4-312;FCEA;2024-05-17;4;312;120;601866,67;3;1805600
FA-4-1121;FA;2024-05-17;4;1121;38;387800;1;387800
FA-4-1122;FA;2024-05-17;4;1122;27;403516,67;3;1210550
FA-4-1125;FA;2024-05-17;4;1125;116;186350;2;372700
FA-4-1126;FA;2024-05-17;4;1126;52;330900;1;330900
FA-4-1127;FA;2024-05-17;4;1127;65;288400;1;288400
FA-4-1128;FA;2024-05-17;4;1128;8;836700;1;836700
FA-3-65736;FA;2024-05-20;3;65736;28;352080;1;352080
FA-3-65737;FA;2024-05-20;3;65737;114;171284,58;2;342569,15
FA-4-1132;FA;2024-05-20;4;1132;104;588652,5;2;1177305
FA-4-1129;FA;2024-05-20;4;1129;45;235550;2;471100
FA-4-1130;FA;2024-05-20;4;1130;118;539000;1;539000
FA-4-1131;FA;2024-05-20;4;1131;23;571500;1;571500
NCA-3-1104;NCA;2024-05-20;3;1104;51;-395500;1;-395500
NCA-3-1105;NCA;2024-05-20;3;1105;105;-352080;1;-352080
FA-3-65747;FA;2024-05-21;3;65747;87;452095;1;452095
FA-3-65748;FA;2024-05-21;3;65748;93;131655;2;263310
FA-3-65749;FA;2024-05-21;3;65749;110;160000;1;160000
FA-3-65750;FA;2024-05-21;3;65750;73;309325;1;309325
FA-3-65752;FA;2024-05-21;3;65752;4;200000;1;200000
FA-3-65751;FA;2024-05-21;3;65751;26;337132;1;337132
FA-3-65743;FA;2024-05-21;3;65743;60;423510;1;423510
FA-3-65744;FA;2024-05-21;3;65744;12;477000;1;477000
FA-3-65740;FA;2024-05-21;3;65740;73;156050;1;156050
FA-3-65753;FA;2024-05-21;3;65753;37;310900;1;310900
FA-3-65745;FA;2024-05-21;3;65745;83;160000;1;160000
FA-3-65746;FA;2024-05-21;3;65746;68;149057,5;2;298115
FA-3-65741;FA;2024-05-21;3;65741;3;928485;1;928485
FA-3-65742;FA;2024-05-21;3;65742;18;1230000;1;1230000
FA-3-65762;FA;2024-05-21;3;65762;103;415315;1;415315
FA-3-65766;FA;2024-05-21;3;65766;96;237200;2;474400
FA-3-65767;FA;2024-05-21;3;65767;18;430937,5;2;861875
FA-3-65768;FA;2024-05-21;3;65768;99;230000;1;230000
FA-3-65769;FA;2024-05-21;3;65769;116;182000;1;182000
FA-3-65770;FA;2024-05-21;3;65770;53;387665;1;387665
FA-3-65771;FA;2024-05-21;3;65771;42;289250;1;289250
FA-3-65772;FA;2024-05-21;3;65772;1;391900;1;391900
FA-3-65774;FA;2024-05-21;3;65774;89;1261960;1;1261960
FA-3-65775;FA;2024-05-21;3;65775;25;648400;2;1296800
FCEA-4-313;FCEA;2024-05-21;4;313;40;592460;5;2962300
FA-3-65773;FA;2024-05-21;3;65773;49;261665;1;261665
FA-3-65776;FA;2024-05-21;3;65776;72;222082,5;2;444165
FA-3-65758;FA;2024-05-21;3;65758;87;244750;1;244750
FA-3-65759;FA;2024-05-21;3;65759;58;657500;1;657500
FA-3-65760;FA;2024-05-21;3;65760;111;339035;1;339035
FA-3-65761;FA;2024-05-21;3;65761;71;387665;1;387665
FA-3-65763;FA;2024-05-21;3;65763;47;200000;1;200000
FA-3-65756;FA;2024-05-21;3;65756;93;398050;1;398050
FA-3-65777;FA;2024-05-21;3;65777;20;182000;1;182000
FA-3-65764;FA;2024-05-21;3;65764;50;412600;1;412600
FA-3-65755;FA;2024-05-21;3;65755;116;756410;1;756410
FA-3-65765;FA;2024-05-21;3;65765;47;200621;1;200621
FA-4-1133;FA;2024-05-21;4;1133;73;208350;2;416700
FA-4-1134;FA;2024-05-21;4;1134;103;859500;1;859500
FA-4-1135;FA;2024-05-21;4;1135;58;191133,33;3;573400
FA-4-1136;FA;2024-05-21;4;1136;110;707500;1;707500
FA-4-1137;FA;2024-05-21;4;1137;91;136500;2;273000
FA-3-65757;FA;2024-05-21;3;65757;32;296350;1;296350
FA-3-65778;FA;2024-05-21;3;65778;62;452500;2;905000
FA-3-65779;FA;2024-05-21;3;65779;27;958500;1;958500
FA-3-65795;FA;2024-05-22;3;65795;26;217075;1;217075
FA-3-65796;FA;2024-05-22;3;65796;41;387665;1;387665
FA-3-65797;FA;2024-05-22;3;65797;27;156500;1;156500
FA-3-65798;FA;2024-05-22;3;65798;3;117550;1;117550
FA-3-65786;FA;2024-05-22;3;65786;88;210300;2;420600
FA-3-65787;FA;2024-05-22;3;65787;96;160000;1;160000
FA-3-65788;FA;2024-05-22;3;65788;3;196850;1;196850
FA-3-65789;FA;2024-05-22;3;65789;30;200000;1;200000
FA-3-65790;FA;2024-05-22;3;65790;11;160000;1;160000
FA-3-65791;FA;2024-05-22;3;65791;67;176500;1;176500
FA-3-65792;FA;2024-05-22;3;65792;65;161692,5;2;323385
FA-3-65793;FA;2024-05-22;3;65793;106;176500;1;176500
FA-3-65794;FA;2024-05-22;3;65794;19;256500;1;256500
FA-4-1141;FA;2024-05-22;4;1141;5;431075;2;862150
FA-4-1138;FA;2024-05-22;4;1138;115;211133,33;3;633400
FA-4-1139;FA;2024-05-22;4;1139;100;417525;1;417525
FA-4-1140;FA;2024-05-22;4;1140;72;188400;2;376800
FA-3-65784;FA;2024-05-22;3;65784;44;176500;1;176500
FA-3-65785;FA;2024-05-22;3;65785;71;142380;1;142380
FA-3-65815;FA;2024-05-23;3;65815;72;387665;1;387665
FA-3-65816;FA;2024-05-23;3;65816;4;387600;1;387600
FA-3-65817;FA;2024-05-23;3;65817;26;122000;2;244000
FA-3-65818;FA;2024-05-23;3;65818;103;402600;1;402600
FA-3-65819;FA;2024-05-23;3;65819;36;244750;1;244750
FA-3-65820;FA;2024-05-23;3;65820;101;120000;2;240000
FA-3-65821;FA;2024-05-23;3;65821;57;165000;1;165000
FA-3-65805;FA;2024-05-23;3;65805;115;308850;1;308850
FA-4-1148;FA;2024-05-23;4;1148;108;128300;1;128300
FA-3-65823;FA;2024-05-23;3;65823;70;519900;1;519900
FA-3-65822;FA;2024-05-23;3;65822;93;948250;2;1896500
FA-3-65807;FA;2024-05-23;3;65807;57;190000;1;190000
FA-3-65808;FA;2024-05-23;3;65808;13;1022500;1;1022500
FA-3-65809;FA;2024-05-23;3;65809;92;149057,5;2;298115
FA-3-65810;FA;2024-05-23;3;65810;32;224466,67;3;673400
FA-3-65825;FA;2024-05-23;3;65825;99;237600;1;237600
FA-3-65811;FA;2024-05-23;3;65811;109;387665;1;387665
FA-3-65812;FA;2024-05-23;3;65812;117;458500;1;458500
FA-3-65813;FA;2024-05-23;3;65813;98;397665;1;397665
FA-4-1146;FA;2024-05-23;4;1146;65;467000;1;467000
FA-4-1147;FA;2024-05-23;4;1147;95;383940;1;383940
FA-3-65826;FA;2024-05-23;3;65826;115;521901;2;1043802
FA-3-65814;FA;2024-05-23;3;65814;86;149057,5;2;298115
FA-4-1145;FA;2024-05-23;4;1145;115;477600;1;477600
FA-4-1142;FA;2024-05-23;4;1142;73;588350;2;1176700
FA-4-1143;FA;2024-05-23;4;1143;56;953800;1;953800
FA-4-1144;FA;2024-05-23;4;1144;35;353750;2;707500
FA-3-65804;FA;2024-05-23;3;65804;83;425880;1;425880
FA-3-65806;FA;2024-05-23;3;65806;6;578815;1;578815
FA-3-65824;FA;2024-05-23;3;65824;58;40000;1;40000
FA-4-1149;FA;2024-05-31;4;1149;120;1072752;1;1072752
FA-4-1152;FA;2024-06-02;4;1152;55;287350;2;574700
FA-3-65873;FA;2024-06-03;3;65873;19;197000;1;197000
FA-3-65902;FA;2024-06-03;3;65902;37;217075;1;217075
FA-3-65903;FA;2024-06-03;3;65903;51;178000;1;178000
FA-3-65904;FA;2024-06-03;3;65904;19;230000;1;230000
FA-3-65905;FA;2024-06-03;3;65905;35;149057,5;2;298115
FA-3-65906;FA;2024-06-03;3;65906;26;276330;1;276330
FA-3-65907;FA;2024-06-03;3;65907;103;436710;1;436710
FA-3-65908;FA;2024-06-03;3;65908;112;200000;1;200000
FA-3-65909;FA;2024-06-03;3;65909;70;272000;3;816000
FA-3-65910;FA;2024-06-03;3;65910;17;415315;1;415315
FA-3-65911;FA;2024-06-03;3;65911;35;206500;2;413000
FA-3-65912;FA;2024-06-03;3;65912;65;122375;2;244750
FA-3-65913;FA;2024-06-03;3;65913;60;387665;1;387665
FA-3-65914;FA;2024-06-03;3;65914;37;408000;1;408000
FA-3-65915;FA;2024-06-03;3;65915;104;208000;1;208000
FA-3-65916;FA;2024-06-03;3;65916;88;123157,5;2;246315
FA-3-65921;FA;2024-06-03;3;65921;30;274615;1;274615
FA-3-65922;FA;2024-06-03;3;65922;37;176500;1;176500
FA-3-65923;FA;2024-06-03;3;65923;72;530000;2;1060000
FA-3-65924;FA;2024-06-03;3;65924;46;266100;1;266100
FA-3-65925;FA;2024-06-03;3;65925;7;160000;1;160000
FA-3-65929;FA;2024-06-03;3;65929;48;248135;1;248135
FA-3-65930;FA;2024-06-03;3;65930;87;439550;1;439550
FA-3-65931;FA;2024-06-03;3;65931;34;257100;1;257100
FA-4-1150;FA;2024-06-03;4;1150;99;768411;1;768411
FA-4-1151;FA;2024-06-03;4;1151;23;389251;1;389251
FA-3-65932;FA;2024-06-03;3;65932;18;150000;1;150000
FA-3-65933;FA;2024-06-03;3;65933;26;260500;1;260500
FA-3-65934;FA;2024-06-03;3;65934;36;139540;1;139540
FA-3-65935;FA;2024-06-03;3;65935;93;1692700;1;1692700
FA-3-65926;FA;2024-06-03;3;65926;71;807300;1;807300
FA-3-65927;FA;2024-06-03;3;65927;44;178500;1;178500
FA-3-65928;FA;2024-06-03;3;65928;108;117550;1;117550
FA-3-65874;FA;2024-06-03;3;65874;63;500750;1;500750
FA-3-65875;FA;2024-06-03;3;65875;103;245100;1;245100
FA-3-65876;FA;2024-06-03;3;65876;23;792710;1;792710
FA-3-65877;FA;2024-06-03;3;65877;77;1003640;1;1003640
FA-3-65878;FA;2024-06-03;3;65878;89;288780;1;288780
FA-3-65879;FA;2024-06-03;3;65879;119;165000;1;165000
FA-3-65864;FA;2024-06-03;3;65864;64;182133,33;3;546400
FA-3-65865;FA;2024-06-03;3;65865;87;810700;1;810700
FA-3-65918;FA;2024-06-03;3;65918;82;222000;1;222000
FA-3-65919;FA;2024-06-03;3;65919;45;136500;1;136500
FA-3-65920;FA;2024-06-03;3;65920;19;136500;1;136500
FA-3-65880;FA;2024-06-03;3;65880;13;186500;1;186500
FA-3-65881;FA;2024-06-03;3;65881;94;235500;1;235500
FA-3-65882;FA;2024-06-03;3;65882;36;190000;1;190000
FA-3-65883;FA;2024-06-03;3;65883;96;402605;1;402605
FA-3-65884;FA;2024-06-03;3;65884;118;176500;1;176500
FA-3-65885;FA;2024-06-03;3;65885;13;385090;1;385090
FA-3-65886;FA;2024-06-03;3;65886;62;176500;1;176500
FA-4-1153;FA;2024-06-03;4;1153;114;724900;1;724900
FA-4-1154;FA;2024-06-03;4;1154;86;1033175;1;1033175
FA-3-65887;FA;2024-06-03;3;65887;85;472750;2;945500
FA-3-65888;FA;2024-06-03;3;65888;38;175500;1;175500
FA-3-65889;FA;2024-06-03;3;65889;98;127350;1;127350
FA-3-65890;FA;2024-06-03;3;65890;53;484974,9;1;484974,9
FA-3-65891;FA;2024-06-03;3;65891;12;200000;1;200000
FA-3-65892;FA;2024-06-03;3;65892;103;157400;1;157400
FA-3-65893;FA;2024-06-03;3;65893;12;742500;1;742500
FA-3-65894;FA;2024-06-03;3;65894;121;281770;1;281770
FA-3-65895;FA;2024-06-03;3;65895;60;158850;1;158850
FA-3-65896;FA;2024-06-03;3;65896;46;382200;1;382200
FA-3-65897;FA;2024-06-03;3;65897;93;272011;1;272011
FA-3-65898;FA;2024-06-03;3;65898;73;583001;1;583001
FA-3-65899;FA;2024-06-03;3;65899;31;161500;1;161500
FA-3-65900;FA;2024-06-03;3;65900;93;151200,9;1;151200,9
FA-3-65901;FA;2024-06-03;3;65901;27;688480;1;688480
FA-3-65872;FA;2024-06-03;3;65872;15;195610;1;195610
FA-4-1155;FA;2024-06-03;4;1155;105;707600;1;707600
FA-4-1156;FA;2024-06-03;4;1156;104;286500;2;573000
FA-4-1157;FA;2024-06-03;4;1157;37;344400;1;344400
FA-4-1158;FA;2024-06-03;4;1158;26;286700;2;573400
FA-4-1159;FA;2024-06-03;4;1159;54;191133,33;3;573400
FA-4-1160;FA;2024-06-03;4;1160;5;265700;1;265700
FA-4-1161;FA;2024-06-03;4;1161;93;935000;1;935000
FA-4-1162;FA;2024-06-03;4;1162;71;711600;1;711600
FA-4-1163;FA;2024-06-03;4;1163;74;206082,5;2;412165
FA-3-65858;FA;2024-06-03;3;65858;108;387665;1;387665
FA-3-65859;FA;2024-06-03;3;65859;102;446780;2;893560
FA-3-65860;FA;2024-06-03;3;65860;71;1455500;1;1455500
FA-3-65861;FA;2024-06-03;3;65861;96;825000;1;825000
FA-3-65862;FA;2024-06-03;3;65862;70;945500;1;945500
FA-3-65863;FA;2024-06-03;3;65863;27;155305;2;310610
FA-3-65869;FA;2024-06-03;3;65869;17;208000;1;208000
FA-3-65870;FA;2024-06-03;3;65870;9;149057,5;2;298115
FA-3-65871;FA;2024-06-03;3;65871;27;229865;1;229865
FA-3-65866;FA;2024-06-03;3;65866;77;224300;1;224300
FA-3-65867;FA;2024-06-03;3;65867;35;156500;1;156500
FA-3-65868;FA;2024-06-03;3;65868;41;162800;1;162800
FA-3-65917;FA;2024-06-03;3;65917;107;209666,67;3;629000
NCA-4-19;NCA;2024-06-03;4;19;1;-287350;2;-574700
FA-3-65973;FA;2024-06-06;3;65973;39;123500;1;123500
FA-3-65974;FA;2024-06-06;3;65974;9;146050;1;146050
FA-3-65986;FA;2024-06-06;3;65986;62;402600;1;402600
FA-3-65987;FA;2024-06-06;3;65987;53;528481,67;3;1585445
FA-3-65988;FA;2024-06-06;3;65988;39;200000;1;200000
FA-3-65989;FA;2024-06-06;3;65989;27;151500;1;151500
FA-3-65990;FA;2024-06-06;3;65990;48;169500;1;169500
FA-3-65991;FA;2024-06-06;3;65991;20;342625;1;342625
FA-3-65992;FA;2024-06-06;3;65992;59;448400;1;448400
FA-3-65993;FA;2024-06-06;3;65993;6;387665;1;387665
FA-3-65994;FA;2024-06-06;3;65994;84;378000;1;378000
FA-3-65995;FA;2024-06-06;3;65995;106;276330;1;276330
FA-3-65996;FA;2024-06-06;3;65996;59;150000;1;150000
FA-3-65997;FA;2024-06-06;3;65997;20;835055;1;835055
FA-3-65998;FA;2024-06-06;3;65998;97;278107,5;2;556215
FA-3-65999;FA;2024-06-06;3;65999;22;217075;1;217075
FA-3-66000;FA;2024-06-06;3;66000;18;120500;2;241000
FA-3-66001;FA;2024-06-06;3;66001;16;808691,67;3;2426075
FA-3-66002;FA;2024-06-06;3;66002;11;311800;1;311800
FA-3-66012;FA;2024-06-06;3;66012;28;124887,5;2;249775
FA-3-66013;FA;2024-06-06;3;66013;82;459922,5;2;919845
FA-3-66004;FA;2024-06-06;3;66004;22;152000;1;152000
FA-3-66005;FA;2024-06-06;3;66005;78;362398,5;1;362398,5
FA-3-66006;FA;2024-06-06;3;66006;91;387665;1;387665
FA-3-66007;FA;2024-06-06;3;66007;83;186660;1;186660
FA-3-66008;FA;2024-06-06;3;66008;57;144000;1;144000
FA-3-66009;FA;2024-06-06;3;66009;59;362398,5;1;362398,5
FA-3-66010;FA;2024-06-06;3;66010;67;602500;1;602500
FA-3-66011;FA;2024-06-06;3;66011;113;146050;1;146050
FA-3-65966;FA;2024-06-06;3;65966;30;174050;1;174050
FA-3-65967;FA;2024-06-06;3;65967;59;462975;1;462975
FA-3-65968;FA;2024-06-06;3;65968;23;298115;1;298115
FA-3-65969;FA;2024-06-06;3;65969;13;447400;1;447400
FA-3-65970;FA;2024-06-06;3;65970;103;500650;1;500650
FA-3-65975;FA;2024-06-06;3;65975;54;202500;2;405000
FA-3-65976;FA;2024-06-06;3;65976;83;402600;1;402600
FA-3-65977;FA;2024-06-06;3;65977;74;164362;1;164362
FA-3-65978;FA;2024-06-06;3;65978;38;190000;1;190000
FA-3-65959;FA;2024-06-06;3;65959;113;412650;1;412650
FA-3-65960;FA;2024-06-06;3;65960;8;335833,33;3;1007500
FA-3-65961;FA;2024-06-06;3;65961;96;506825;1;506825
FA-4-1173;FA;2024-06-06;4;1173;74;619920;1;619920
FA-3-66015;FA;2024-06-06;3;66015;16;415415;1;415415
FA-3-66003;FA;2024-06-06;3;66003;35;298115;1;298115
FA-3-65979;FA;2024-06-06;3;65979;76;160000;1;160000
FA-3-65955;FA;2024-06-06;3;65955;70;224300;1;224300
FA-3-66014;FA;2024-06-06;3;66014;52;241880;1;241880
FCEA-4-316;FCEA;2024-06-06;4;316;121;1138075;2;2276150
FA-4-1174;FA;2024-06-06;4;1174;113;475075;1;475075
FA-3-65954;FA;2024-06-06;3;65954;54;184525;1;184525
FA-3-66016;FA;2024-06-06;3;66016;56;472575;1;472575
FA-3-65980;FA;2024-06-06;3;65980;86;474915;1;474915
FA-3-65981;FA;2024-06-06;3;65981;107;121500;2;243000
FA-3-65982;FA;2024-06-06;3;65982;30;345150,45;2;690300,9
FA-3-65983;FA;2024-06-06;3;65983;110;374360;1;374360
FA-3-65984;FA;2024-06-06;3;65984;96;196525;2;393050
FA-3-65985;FA;2024-06-06;3;65985;72;385000;1;385000
FA-3-65971;FA;2024-06-06;3;65971;6;182000;1;182000
FA-3-65972;FA;2024-06-06;3;65972;38;160000;1;160000
FA-4-1164;FA;2024-06-06;4;1164;34;158626;2;317252
FA-4-1165;FA;2024-06-06;4;1165;34;172225;2;344450
FA-4-1166;FA;2024-06-06;4;1166;24;187222,5;2;374445
FA-4-1167;FA;2024-06-06;4;1167;107;545900;1;545900
FA-4-1168;FA;2024-06-06;4;1168;46;435387,5;2;870775
FA-4-1169;FA;2024-06-06;4;1169;67;226780;2;453560
FA-4-1170;FA;2024-06-06;4;1170;110;415695;1;415695
FA-4-1171;FA;2024-06-06;4;1171;115;219766,67;3;659300
FA-4-1172;FA;2024-06-06;4;1172;59;313342,5;2;626685
FA-3-65956;FA;2024-06-06;3;65956;1;67500;1;67500
FA-3-65957;FA;2024-06-06;3;65957;74;200366,67;3;601100
FA-3-65958;FA;2024-06-06;3;65958;89;133333,33;3;400000
FA-3-65962;FA;2024-06-06;3;65962;9;171862,5;2;343725
FA-3-65963;FA;2024-06-06;3;65963;26;176500;1;176500
FA-3-65964;FA;2024-06-06;3;65964;96;630000;1;630000
FA-3-65965;FA;2024-06-06;3;65965;11;242900;2;485800
FA-3-66017;FA;2024-06-06;3;66017;49;573250;1;573250
NCA-3-1108;NCA;2024-06-06;3;1108;22;-17480;2;-34960
FA-4-1178;FA;2024-06-07;4;1178;118;605850;1;605850
FA-4-1179;FA;2024-06-07;4;1179;54;185000;2;370000
FA-4-1180;FA;2024-06-07;4;1180;107;309300;1;309300
FCEA-4-317;FCEA;2024-06-07;4;317;32;579283,33;3;1737850
FA-4-1175;FA;2024-06-07;4;1175;48;318550;1;318550
FA-4-1176;FA;2024-06-07;4;1176;56;708650;1;708650
FA-4-1177;FA;2024-06-07;4;1177;40;163800;2;327600
FA-3-66046;FA;2024-06-10;3;66046;16;514000;1;514000
FA-3-66047;FA;2024-06-10;3;66047;89;211500;1;211500
FA-3-66025;FA;2024-06-10;3;66025;31;214300;1;214300
FA-3-66049;FA;2024-06-10;3;66049;93;239000;1;239000
FA-3-66050;FA;2024-06-10;3;66050;86;249000;1;249000
FA-3-66051;FA;2024-06-10;3;66051;99;176500;1;176500
FA-3-66052;FA;2024-06-10;3;66052;121;437100;1;437100
FA-3-66053;FA;2024-06-10;3;66053;88;279660;1;279660
FA-3-66048;FA;2024-06-10;3;66048;121;828700;1;828700
FA-3-66032;FA;2024-06-10;3;66032;72;1162515;1;1162515
FA-3-66033;FA;2024-06-10;3;66033;114;356000;1;356000
FA-3-66034;FA;2024-06-10;3;66034;83;221500;1;221500
FA-3-66035;FA;2024-06-10;3;66035;67;387665;1;387665
FA-3-66036;FA;2024-06-10;3;66036;19;160000;1;160000
FA-3-66037;FA;2024-06-10;3;66037;38;428645;1;428645
FA-3-66038;FA;2024-06-10;3;66038;49;123500;1;123500
FA-3-66039;FA;2024-06-10;3;66039;24;487927,5;2;975855
FA-3-66026;FA;2024-06-10;3;66026;24;1192400;1;1192400
FA-3-66027;FA;2024-06-10;3;66027;3;276400;1;276400
FA-3-66028;FA;2024-06-10;3;66028;74;301050;1;301050
FA-3-66029;FA;2024-06-10;3;66029;31;266550;2;533100
FA-3-66030;FA;2024-06-10;3;66030;27;894000;2;1788000
FA-3-66040;FA;2024-06-10;3;66040;76;391900;1;391900
FA-3-66024;FA;2024-06-10;3;66024;64;419200;1;419200
FA-3-66041;FA;2024-06-10;3;66041;62;163505;2;327010
FA-3-66042;FA;2024-06-10;3;66042;5;413810;1;413810
FA-3-66043;FA;2024-06-10;3;66043;120;348225;1;348225
FA-3-66044;FA;2024-06-10;3;66044;95;160000;1;160000
FA-3-66045;FA;2024-06-10;3;66045;56;272260;2;544520
FA-3-66031;FA;2024-06-10;3;66031;58;1736825;1;1736825
FA-3-66054;FA;2024-06-10;3;66054;121;160000;1;160000
FA-3-66055;FA;2024-06-10;3;66055;71;136500;1;136500
FA-3-66056;FA;2024-06-10;3;66056;58;445000;2;890000
FA-3-66062;FA;2024-06-10;3;66062;103;536550;1;536550
FA-3-66063;FA;2024-06-10;3;66063;101;631520;1;631520
FA-3-66064;FA;2024-06-10;3;66064;56;395700;1;395700
FA-3-66065;FA;2024-06-10;3;66065;101;180000;1;180000
FA-3-66066;FA;2024-06-10;3;66066;52;481240;1;481240
FA-3-66068;FA;2024-06-10;3;66068;108;208000;1;208000
FA-4-1182;FA;2024-06-10;4;1182;72;347301;1;347301
FA-3-66067;FA;2024-06-10;3;66067;11;253165;1;253165
FA-3-66069;FA;2024-06-10;3;66069;93;543000;2;1086000
FCEA-4-319;FCEA;2024-06-10;4;319;11;807045;2;1614090
FA-3-66059;FA;2024-06-10;3;66059;13;214300;1;214300
FA-3-66060;FA;2024-06-10;3;66060;22;397665;1;397665
FA-3-66061;FA;2024-06-10;3;66061;9;357001;1;357001
FCEA-4-318;FCEA;2024-06-10;4;318;78;1378500;1;1378500
FA-4-1181;FA;2024-06-10;4;1181;106;268780;1;268780
FA-3-66070;FA;2024-06-10;3;66070;65;350000;2;700000
FA-3-66083;FA;2024-06-11;3;66083;86;214300;1;214300
FCEA-4-320;FCEA;2024-06-11;4;320;78;1055703,33;3;3167110
FA-3-66085;FA;2024-06-11;3;66085;32;375700;1;375700
FA-3-66084;FA;2024-06-11;3;66084;85;1148020;1;1148020
FA-3-66080;FA;2024-06-11;3;66080;36;276500;1;276500
FA-3-66077;FA;2024-06-11;3;66077;6;409566,67;3;1228700
FA-3-66078;FA;2024-06-11;3;66078;18;863000;1;863000
FA-3-66082;FA;2024-06-11;3;66082;10;262190;1;262190
FA-3-66081;FA;2024-06-11;3;66081;58;160000;1;160000
FA-3-66079;FA;2024-06-11;3;66079;23;275500;1;275500
FA-3-66098;FA;2024-06-12;3;66098;66;205110;1;205110
FA-3-66099;FA;2024-06-12;3;66099;54;284350;2;568700
FA-3-66100;FA;2024-06-12;3;66100;69;190000;1;190000
FA-3-66101;FA;2024-06-12;3;66101;17;168370;1;168370
FA-3-66102;FA;2024-06-12;3;66102;49;482120;1;482120
FA-3-66103;FA;2024-06-12;3;66103;61;281360;1;281360
FA-3-66104;FA;2024-06-12;3;66104;67;468550;1;468550
FA-4-1183;FA;2024-06-12;4;1183;114;275501;1;275501
FA-3-66105;FA;2024-06-12;3;66105;81;175500;1;175500
FA-3-66095;FA;2024-06-12;3;66095;50;1227985;1;1227985
FA-3-66092;FA;2024-06-12;3;66092;55;853300;1;853300
FA-3-66091;FA;2024-06-12;3;66091;56;286800;1;286800
FCEA-4-321;FCEA;2024-06-12;4;321;70;1045900;2;2091800
FA-4-1186;FA;2024-06-12;4;1186;14;275400;1;275400
FA-3-66096;FA;2024-06-12;3;66096;74;283501;1;283501
FA-3-66097;FA;2024-06-12;3;66097;101;370000;1;370000
FCEA-4-322;FCEA;2024-06-12;4;322;33;505466,67;3;1516400
FA-4-1184;FA;2024-06-12;4;1184;105;267975;2;535950
FA-4-1185;FA;2024-06-12;4;1185;35;713100;1;713100
FA-3-66090;FA;2024-06-12;3;66090;35;428810;1;428810
FA-3-66093;FA;2024-06-12;3;66093;23;207250;1;207250
FA-3-66094;FA;2024-06-12;3;66094;120;179500;1;179500
FA-4-1187;FA;2024-06-13;4;1187;50;359350;1;359350
FA-3-66110;FA;2024-06-14;3;66110;121;212260;1;212260
FA-3-66115;FA;2024-06-14;3;66115;28;122375;2;244750
FA-3-66117;FA;2024-06-14;3;66117;72;416000;1;416000
FA-3-66119;FA;2024-06-14;3;66119;79;310650;1;310650
FA-3-66116;FA;2024-06-14;3;66116;109;260000;2;520000
FA-3-66118;FA;2024-06-14;3;66118;54;308600;1;308600
FA-3-66112;FA;2024-06-14;3;66112;44;413810;1;413810
FA-3-66113;FA;2024-06-14;3;66113;15;221500;1;221500
FA-3-66114;FA;2024-06-14;3;66114;112;365355;1;365355
FA-3-66111;FA;2024-06-14;3;66111;94;160000;1;160000
FA-3-66120;FA;2024-06-14;3;66120;61;385075;1;385075
FA-4-1188;FA;2024-06-14;4;1188;39;620700;1;620700
FA-4-1189;FA;2024-06-14;4;1189;56;363750;1;363750
FA-3-66135;FA;2024-06-18;3;66135;36;413740;1;413740
FA-3-66136;FA;2024-06-18;3;66136;20;387600;1;387600
FA-3-66137;FA;2024-06-18;3;66137;32;428750;1;428750
FA-3-66138;FA;2024-06-18;3;66138;44;157500;1;157500
FA-3-66139;FA;2024-06-18;3;66139;89;239000;1;239000
FA-3-66146;FA;2024-06-18;3;66146;4;190000;1;190000
FA-4-1190;FA;2024-06-18;4;1190;51;1205401;1;1205401
FA-3-66132;FA;2024-06-18;3;66132;27;148000;1;148000
FA-3-66128;FA;2024-06-18;3;66128;38;387665;1;387665
FA-3-66129;FA;2024-06-18;3;66129;80;67500;1;67500
FA-3-66130;FA;2024-06-18;3;66130;51;637225;2;1274450
FA-3-66133;FA;2024-06-18;3;66133;24;234933,33;3;704800
FA-3-66134;FA;2024-06-18;3;66134;72;562378,5;1;562378,5
FA-3-66131;FA;2024-06-18;3;66131;119;382200;1;382200
FA-4-1191;FA;2024-06-18;4;1191;77;834550;1;834550
NCA-3-1109;NCA;2024-06-18;3;1109;110;-190000;1;-190000
FA-3-66157;FA;2024-06-19;3;66157;90;320000;1;320000
FA-3-66158;FA;2024-06-19;3;66158;43;190000;1;190000
FA-3-66149;FA;2024-06-19;3;66149;23;193775;2;387550
FA-3-66150;FA;2024-06-19;3;66150;18;287200;1;287200
FA-3-66151;FA;2024-06-19;3;66151;27;224250;1;224250
FA-3-66148;FA;2024-06-19;3;66148;90;220000;1;220000
FA-3-66159;FA;2024-06-19;3;66159;102;490350;1;490350
FA-3-66160;FA;2024-06-19;3;66160;102;164500;1;164500
FA-3-66153;FA;2024-06-19;3;66153;25;197500;1;197500
FA-3-66161;FA;2024-06-19;3;66161;89;169500;1;169500
FA-3-66155;FA;2024-06-19;3;66155;113;152000;1;152000
FA-3-66154;FA;2024-06-19;3;66154;57;190000;1;190000
FA-3-66162;FA;2024-06-19;3;66162;87;746950;1;746950
FA-3-66156;FA;2024-06-19;3;66156;43;199701;1;199701
FA-3-66152;FA;2024-06-19;3;66152;77;119500;1;119500
FA-3-66175;FA;2024-06-19;3;66175;93;145550;1;145550
FA-3-66170;FA;2024-06-19;3;66170;37;774400;1;774400
FA-3-66171;FA;2024-06-19;3;66171;90;335700;1;335700
FA-3-66176;FA;2024-06-19;3;66176;54;327010;1;327010
FA-3-66169;FA;2024-06-19;3;66169;112;350500;1;350500
FCEA-4-323;FCEA;2024-06-19;4;323;64;1573300;1;1573300
FA-3-66173;FA;2024-06-19;3;66173;54;190000;1;190000
FA-3-66174;FA;2024-06-19;3;66174;67;276500;1;276500
FA-3-66172;FA;2024-06-19;3;66172;70;124500;2;249000
FA-3-66177;FA;2024-06-19;3;66177;81;500600;1;500600
FA-3-66178;FA;2024-06-19;3;66178;48;569000;1;569000
FA-3-66224;FA;2024-07-01;3;66224;63;153260;1;153260
FA-3-66245;FA;2024-07-01;3;66245;56;160000;1;160000
FA-3-66246;FA;2024-07-01;3;66246;51;438550;1;438550
FA-3-66247;FA;2024-07-01;3;66247;83;355000;1;355000
FA-3-66248;FA;2024-07-01;3;66248;1;302515;1;302515
FA-3-66249;FA;2024-07-01;3;66249;32;255350;1;255350
FA-3-66250;FA;2024-07-01;3;66250;17;223605;1;223605
FA-3-66251;FA;2024-07-01;3;66251;57;211133,33;3;633400
FA-3-66252;FA;2024-07-01;3;66252;25;218800;1;218800
FA-3-66253;FA;2024-07-01;3;66253;77;250350;1;250350
FA-3-66254;FA;2024-07-01;3;66254;40;190000;1;190000
FA-3-66255;FA;2024-07-01;3;66255;118;438550;1;438550
FA-3-66256;FA;2024-07-01;3;66256;64;151500;2;303000
FA-3-66257;FA;2024-07-01;3;66257;27;230110;1;230110
FA-3-66258;FA;2024-07-01;3;66258;107;253000;2;506000
FA-3-66259;FA;2024-07-01;3;66259;58;174250;1;174250
FA-3-66260;FA;2024-07-01;3;66260;16;482060;1;482060
FA-3-66261;FA;2024-07-01;3;66261;65;280000;1;280000
FA-3-66208;FA;2024-07-01;3;66208;4;293000;2;586000
FA-3-66202;FA;2024-07-01;3;66202;23;284350;1;284350
FA-3-66203;FA;2024-07-01;3;66203;1;264150;1;264150
FA-3-66265;FA;2024-07-01;3;66265;24;436400;1;436400
FA-3-66266;FA;2024-07-01;3;66266;112;173650;1;173650
FA-3-66267;FA;2024-07-01;3;66267;109;320000;1;320000
FA-3-66268;FA;2024-07-01;3;66268;73;317200;1;317200
FA-3-66275;FA;2024-07-01;3;66275;46;243000;1;243000
FA-3-66276;FA;2024-07-01;3;66276;58;379750;2;759500
FCEA-4-325;FCEA;2024-07-01;4;325;59;2375395;1;2375395
FA-3-66273;FA;2024-07-01;3;66273;96;171500;2;343000
FA-3-66274;FA;2024-07-01;3;66274;58;1057525;1;1057525
FA-3-66269;FA;2024-07-01;3;66269;89;366000;1;366000
FA-3-66270;FA;2024-07-01;3;66270;66;175620;1;175620
FA-3-66212;FA;2024-07-01;3;66212;97;338250;1;338250
FA-3-66213;FA;2024-07-01;3;66213;106;481080;1;481080
FA-3-66214;FA;2024-07-01;3;66214;2;88250;1;88250
FA-3-66215;FA;2024-07-01;3;66215;98;160000;1;160000
FA-3-66216;FA;2024-07-01;3;66216;120;420600;1;420600
FA-3-66217;FA;2024-07-01;3;66217;87;1147610;1;1147610
FA-3-66218;FA;2024-07-01;3;66218;44;1557850;1;1557850
FA-3-66219;FA;2024-07-01;3;66219;50;136090;1;136090
FA-3-66220;FA;2024-07-01;3;66220;51;160000;1;160000
FA-3-66221;FA;2024-07-01;3;66221;62;387665;1;387665
FA-3-66222;FA;2024-07-01;3;66222;103;1401430;1;1401430
FA-3-66223;FA;2024-07-01;3;66223;98;413810;1;413810
FA-3-66225;FA;2024-07-01;3;66225;68;215000;1;215000
FA-3-66226;FA;2024-07-01;3;66226;71;356716;1;356716
FA-3-66227;FA;2024-07-01;3;66227;115;117550;1;117550
FA-3-66204;FA;2024-07-01;3;66204;18;199500;2;399000
FA-3-66205;FA;2024-07-01;3;66205;10;261450;1;261450
FA-3-66206;FA;2024-07-01;3;66206;108;408500;1;408500
FA-3-66264;FA;2024-07-01;3;66264;90;407200;1;407200
FA-3-66271;FA;2024-07-01;3;66271;62;219466,67;3;658400
FA-3-66272;FA;2024-07-01;3;66272;69;150000;1;150000
FA-3-66277;FA;2024-07-01;3;66277;90;200075;2;400150
FA-3-66278;FA;2024-07-01;3;66278;19;543150;1;543150
FA-3-66228;FA;2024-07-01;3;66228;100;527544;1;527544
FA-3-66229;FA;2024-07-01;3;66229;17;438600;1;438600
FA-3-66230;FA;2024-07-01;3;66230;92;144000;1;144000
FA-3-66231;FA;2024-07-01;3;66231;118;151200,45;2;302400,9
FA-3-66232;FA;2024-07-01;3;66232;13;360000;1;360000
FA-3-66233;FA;2024-07-01;3;66233;87;208001;1;208001
FA-3-66234;FA;2024-07-01;3;66234;59;250000;1;250000
FA-3-66235;FA;2024-07-01;3;66235;42;231076;1;231076
FA-3-66236;FA;2024-07-01;3;66236;118;285000;1;285000
FA-3-66237;FA;2024-07-01;3;66237;19;174600;1;174600
FA-3-66238;FA;2024-07-01;3;66238;66;628550;1;628550
FA-3-66239;FA;2024-07-01;3;66239;55;200001;1;200001
FA-3-66240;FA;2024-07-01;3;66240;5;144000;1;144000
FA-3-66241;FA;2024-07-01;3;66241;16;415350;1;415350
FA-3-66242;FA;2024-07-01;3;66242;94;658550;1;658550
FA-3-66243;FA;2024-07-01;3;66243;81;217350;1;217350
FA-3-66244;FA;2024-07-01;3;66244;68;222948;1;222948
FA-3-66201;FA;2024-07-01;3;66201;111;1778100;1;1778100
FA-3-66207;FA;2024-07-01;3;66207;46;218250;1;218250
FA-3-66209;FA;2024-07-01;3;66209;105;438550;1;438550
FA-3-66210;FA;2024-07-01;3;66210;29;190000;1;190000
FA-3-66211;FA;2024-07-01;3;66211;32;165050;1;165050
FA-3-66262;FA;2024-07-01;3;66262;80;295000;1;295000
FA-3-66263;FA;2024-07-01;3;66263;66;320000;1;320000
FA-4-1207;FA;2024-07-02;4;1207;102;225900;1;225900
FA-4-1209;FA;2024-07-02;4;1209;72;372196,67;3;1116590
FA-4-1210;FA;2024-07-02;4;1210;50;192250;1;192250
FA-4-1211;FA;2024-07-02;4;1211;11;555542,5;2;1111085
FA-4-1208;FA;2024-07-02;4;1208;22;298750;1;298750
FA-4-1194;FA;2024-07-02;4;1194;34;586400;2;1172800
FA-4-1195;FA;2024-07-02;4;1195;87;982700;1;982700
FA-4-1196;FA;2024-07-02;4;1196;15;452800;1;452800
FA-4-1197;FA;2024-07-02;4;1197;83;182275;2;364550
FA-4-1198;FA;2024-07-02;4;1198;21;222425;2;444850
FA-4-1199;FA;2024-07-02;4;1199;102;605500;1;605500
FA-4-1200;FA;2024-07-02;4;1200;33;183850;3;551550
FA-4-1201;FA;2024-07-02;4;1201;22;456400;1;456400
FA-4-1202;FA;2024-07-02;4;1202;114;444800;1;444800
FA-4-1203;FA;2024-07-02;4;1203;110;199023,33;3;597070
FA-4-1204;FA;2024-07-02;4;1204;96;581700;1;581700
FA-4-1205;FA;2024-07-02;4;1205;31;700000;1;700000
FA-4-1206;FA;2024-07-02;4;1206;77;908400;1;908400
FA-3-66283;FA;2024-07-03;3;66283;36;895200;1;895200
FA-3-66296;FA;2024-07-04;3;66296;35;436400;1;436400
FA-3-66307;FA;2024-07-04;3;66307;42;221045;1;221045
FA-3-66308;FA;2024-07-04;3;66308;61;252120;1;252120
FA-3-66309;FA;2024-07-04;3;66309;40;245000;1;245000
FA-3-66310;FA;2024-07-04;3;66310;121;144550;1;144550
FA-3-66311;FA;2024-07-04;3;66311;86;193000;1;193000
FA-3-66312;FA;2024-07-04;3;66312;28;482120;1;482120
FA-3-66313;FA;2024-07-04;3;66313;120;160000;1;160000
FA-3-66314;FA;2024-07-04;3;66314;13;310000;1;310000
FA-3-66320;FA;2024-07-04;3;66320;32;371730;1;371730
FCEA-4-326;FCEA;2024-07-04;4;326;119;723925,5;2;1447851
FA-4-1212;FA;2024-07-04;4;1212;105;194400;1;194400
FA-3-66317;FA;2024-07-04;3;66317;9;325000;2;650000
FA-3-66318;FA;2024-07-04;3;66318;4;298115;1;298115
FA-3-66319;FA;2024-07-04;3;66319;120;450000;2;900000
FA-3-66289;FA;2024-07-04;3;66289;98;126450;2;252900
FA-3-66290;FA;2024-07-04;3;66290;71;291000;1;291000
FA-3-66291;FA;2024-07-04;3;66291;109;160000;1;160000
FA-3-66292;FA;2024-07-04;3;66292;28;68204;1;68204
FA-3-66293;FA;2024-07-04;3;66293;22;327000;1;327000
FA-3-66294;FA;2024-07-04;3;66294;55;526095;1;526095
FA-3-66295;FA;2024-07-04;3;66295;11;208000;1;208000
FA-3-66325;FA;2024-07-04;3;66325;46;357060;1;357060
FA-3-66316;FA;2024-07-04;3;66316;94;328880;1;328880
FA-3-66297;FA;2024-07-04;3;66297;64;423810;1;423810
FA-3-66298;FA;2024-07-04;3;66298;112;169450;1;169450
FA-3-66299;FA;2024-07-04;3;66299;50;164500;1;164500
FA-4-1220;FA;2024-07-04;4;1220;62;225900;1;225900
FA-3-66323;FA;2024-07-04;3;66323;7;1353300;1;1353300
FA-3-66324;FA;2024-07-04;3;66324;3;423000;2;846000
FA-3-66300;FA;2024-07-04;3;66300;30;1275500;1;1275500
FA-3-66301;FA;2024-07-04;3;66301;26;413810;1;413810
FA-3-66302;FA;2024-07-04;3;66302;90;249948;1;249948
FA-3-66303;FA;2024-07-04;3;66303;55;214500;1;214500
FA-3-66304;FA;2024-07-04;3;66304;68;226450;1;226450
FA-3-66305;FA;2024-07-04;3;66305;100;450600;1;450600
FA-3-66306;FA;2024-07-04;3;66306;117;445800;1;445800
FA-4-1214;FA;2024-07-04;4;1214;49;713950;1;713950
FA-4-1215;FA;2024-07-04;4;1215;34;256700;2;513400
FA-4-1216;FA;2024-07-04;4;1216;83;228050;1;228050
FA-4-1217;FA;2024-07-04;4;1217;70;336600;1;336600
FA-4-1218;FA;2024-07-04;4;1218;120;271550;2;543100
FA-4-1219;FA;2024-07-04;4;1219;118;251175;2;502350
FA-3-66326;FA;2024-07-04;3;66326;35;253075;1;253075
FA-3-66327;FA;2024-07-04;3;66327;52;213800;1;213800
FA-3-66321;FA;2024-07-04;3;66321;92;158950;1;158950
FA-3-66322;FA;2024-07-04;3;66322;34;355050;1;355050
FA-3-66315;FA;2024-07-04;3;66315;45;293000;1;293000
NCA-3-1111;NCA;2024-07-04;3;1111;70;-543150;1;-543150
FA-4-1221;FA;2024-07-05;4;1221;109;301000,5;2;602001
FA-4-1222;FA;2024-07-05;4;1222;19;543150;1;543150
FA-3-66340;FA;2024-07-05;3;66340;90;601900;2;1203800
FA-4-1229;FA;2024-07-05;4;1229;78;293470;1;293470
FA-4-1223;FA;2024-07-05;4;1223;110;343000;1;343000
FA-4-1224;FA;2024-07-05;4;1224;1;596000;1;596000
FA-4-1225;FA;2024-07-05;4;1225;119;702600;1;702600
FA-4-1226;FA;2024-07-05;4;1226;85;785050;1;785050
FA-4-1227;FA;2024-07-05;4;1227;78;596000;1;596000
FA-4-1228;FA;2024-07-05;4;1228;18;483100;1;483100
FA-3-66357;FA;2024-07-08;3;66357;32;295000;1;295000
FA-3-66358;FA;2024-07-08;3;66358;11;463500;1;463500
FA-3-66359;FA;2024-07-08;3;66359;18;185000;1;185000
FA-3-66360;FA;2024-07-08;3;66360;81;356500;1;356500
FA-3-66361;FA;2024-07-08;3;66361;52;355000;1;355000
FA-3-66362;FA;2024-07-08;3;66362;89;428750;1;428750
FA-3-66363;FA;2024-07-08;3;66363;15;190000;1;190000
FA-3-66364;FA;2024-07-08;3;66364;34;352000;1;352000
FA-3-66365;FA;2024-07-08;3;66365;59;133950;2;267900
FA-3-66366;FA;2024-07-08;3;66366;56;200285;1;200285
FA-3-66367;FA;2024-07-08;3;66367;119;393360;1;393360
FA-3-66368;FA;2024-07-08;3;66368;94;210000;1;210000
FA-3-66369;FA;2024-07-08;3;66369;30;311000;1;311000
FA-3-66346;FA;2024-07-08;3;66346;59;266500;1;266500
FA-3-66345;FA;2024-07-08;3;66345;121;364175;2;728350
FA-3-66371;FA;2024-07-08;3;66371;41;208060;1;208060
FA-3-66374;FA;2024-07-08;3;66374;19;431800;1;431800
FA-3-66376;FA;2024-07-08;3;66376;82;370000;1;370000
FA-3-66370;FA;2024-07-08;3;66370;10;561000;1;561000
FA-3-66372;FA;2024-07-08;3;66372;68;163500;1;163500
FA-3-66373;FA;2024-07-08;3;66373;48;258060;1;258060
FA-3-66348;FA;2024-07-08;3;66348;50;165500;1;165500
FA-3-66349;FA;2024-07-08;3;66349;21;126360;2;252720
FA-3-66350;FA;2024-07-08;3;66350;90;125175;2;250350
FA-3-66351;FA;2024-07-08;3;66351;118;423740;1;423740
FA-3-66377;FA;2024-07-08;3;66377;45;345400;1;345400
FA-3-66352;FA;2024-07-08;3;66352;35;144000;1;144000
FA-3-66353;FA;2024-07-08;3;66353;115;147500;1;147500
FA-3-66354;FA;2024-07-08;3;66354;110;149440;2;298880
FA-3-66355;FA;2024-07-08;3;66355;34;138900;2;277800
FA-3-66356;FA;2024-07-08;3;66356;54;440890,5;2;881781
FA-3-66342;FA;2024-07-08;3;66342;67;740350;1;740350
FA-3-66343;FA;2024-07-08;3;66343;105;151250;2;302500
FA-3-66344;FA;2024-07-08;3;66344;49;221045;1;221045
FA-3-66347;FA;2024-07-08;3;66347;52;282000;1;282000
FA-3-66375;FA;2024-07-08;3;66375;100;1587050;1;1587050
FA-4-1232;FA;2024-07-08;4;1232;68;178900;1;178900
FA-4-1230;FA;2024-07-08;4;1230;115;631200;1;631200
FA-4-1231;FA;2024-07-08;4;1231;117;240933,33;3;722800
FA-3-66389;FA;2024-07-10;3;66389;75;250000;1;250000
FA-3-66390;FA;2024-07-10;3;66390;92;225285;1;225285
FA-3-66383;FA;2024-07-10;3;66383;36;495200;1;495200
FA-3-66386;FA;2024-07-10;3;66386;92;221500;1;221500
FA-3-66387;FA;2024-07-10;3;66387;89;334000;1;334000
FA-3-66388;FA;2024-07-10;3;66388;6;744475;1;744475
FA-3-66382;FA;2024-07-10;3;66382;101;199050;1;199050
FA-3-66384;FA;2024-07-10;3;66384;57;175000;2;350000
FA-3-66385;FA;2024-07-10;3;66385;93;160000;1;160000
FA-3-66404;FA;2024-07-10;3;66404;3;531255;1;531255
FA-3-66405;FA;2024-07-10;3;66405;22;262760;1;262760
FA-3-66394;FA;2024-07-10;3;66394;96;669450;1;669450
FA-3-66407;FA;2024-07-10;3;66407;100;258950;1;258950
FA-3-66401;FA;2024-07-10;3;66401;3;220249;1;220249
FA-3-66408;FA;2024-07-10;3;66408;101;376035;1;376035
FA-3-66395;FA;2024-07-10;3;66395;82;402500;2;805000
FA-3-66396;FA;2024-07-10;3;66396;72;228950;1;228950
FA-3-66397;FA;2024-07-10;3;66397;23;168500;1;168500
FA-3-66398;FA;2024-07-10;3;66398;66;423506;1;423506
FA-3-66393;FA;2024-07-10;3;66393;112;1165000;2;2330000
FA-3-66399;FA;2024-07-10;3;66399;40;336060,9;1;336060,9
FA-3-66400;FA;2024-07-10;3;66400;11;460800;1;460800
FA-3-66402;FA;2024-07-10;3;66402;47;469365;1;469365
FA-3-66403;FA;2024-07-10;3;66403;52;185000;1;185000
FA-3-66406;FA;2024-07-10;3;66406;111;469450;1;469450
FA-4-1234;FA;2024-07-11;4;1234;14;277200;1;277200
FA-4-1235;FA;2024-07-11;4;1235;118;315415;1;315415
FA-4-1233;FA;2024-07-11;4;1233;41;445100;1;445100
FA-4-1236;FA;2024-07-11;4;1236;100;613100;1;613100
FA-4-1237;FA;2024-07-11;4;1237;97;384650;1;384650
FA-4-1238;FA;2024-07-11;4;1238;84;791400;1;791400
FA-3-66429;FA;2024-07-12;3;66429;75;220760;1;220760
FA-3-66432;FA;2024-07-12;3;66432;69;487500;2;975000
FA-3-66433;FA;2024-07-12;3;66433;19;310160;1;310160
FA-3-66434;FA;2024-07-12;3;66434;70;395600;1;395600
FA-3-66435;FA;2024-07-12;3;66435;80;160000;1;160000
FA-3-66439;FA;2024-07-12;3;66439;91;414375;1;414375
FA-3-66443;FA;2024-07-12;3;66443;52;486200;1;486200
FA-3-66438;FA;2024-07-12;3;66438;111;223700;1;223700
FA-3-66440;FA;2024-07-12;3;66440;58;120255;2;240510
FA-3-66441;FA;2024-07-12;3;66441;121;233610;1;233610
FA-3-66442;FA;2024-07-12;3;66442;46;1516500;1;1516500
FA-3-66423;FA;2024-07-12;3;66423;86;446400;1;446400
FA-3-66424;FA;2024-07-12;3;66424;48;214000;1;214000
FA-3-66425;FA;2024-07-12;3;66425;49;512800;1;512800
FA-3-66426;FA;2024-07-12;3;66426;15;216110;1;216110
FA-3-66427;FA;2024-07-12;3;66427;14;397800;1;397800
FA-3-66428;FA;2024-07-12;3;66428;66;235000;1;235000
FA-3-66430;FA;2024-07-12;3;66430;108;157720;1;157720
FA-3-66448;FA;2024-07-12;3;66448;31;320886,67;3;962660
FA-3-66444;FA;2024-07-12;3;66444;80;220900;1;220900
FA-3-66431;FA;2024-07-12;3;66431;77;165686;1;165686
FA-3-66413;FA;2024-07-12;3;66413;10;631750;1;631750
FA-3-66414;FA;2024-07-12;3;66414;12;240550;1;240550
FA-3-66415;FA;2024-07-12;3;66415;87;206400;2;412800
FA-3-66416;FA;2024-07-12;3;66416;91;545500;1;545500
FA-3-66421;FA;2024-07-12;3;66421;36;175600;1;175600
FA-3-66422;FA;2024-07-12;3;66422;57;167850;1;167850
FA-3-66417;FA;2024-07-12;3;66417;113;1313900;1;1313900
FA-3-66418;FA;2024-07-12;3;66418;80;350750;1;350750
FA-3-66419;FA;2024-07-12;3;66419;46;242050;1;242050
FA-3-66420;FA;2024-07-12;3;66420;24;272520;1;272520
FA-3-66445;FA;2024-07-12;3;66445;4;600575;2;1201150
FA-3-66446;FA;2024-07-12;3;66446;10;465320;1;465320
FA-3-66436;FA;2024-07-12;3;66436;98;192500;1;192500
FA-3-66437;FA;2024-07-12;3;66437;64;581850;1;581850
FA-4-1239;FA;2024-07-12;4;1239;116;493625;2;987250
FA-4-1240;FA;2024-07-12;4;1240;37;257066,67;3;771200
FA-4-1241;FA;2024-07-12;4;1241;45;721650;1;721650
FA-3-66468;FA;2024-07-16;3;66468;111;397020;1;397020
FA-3-66469;FA;2024-07-16;3;66469;118;461095;1;461095
FA-3-66470;FA;2024-07-16;3;66470;10;217010;1;217010
FA-3-66471;FA;2024-07-16;3;66471;37;218750;1;218750
FA-3-66472;FA;2024-07-16;3;66472;44;209000;2;418000
FA-3-66473;FA;2024-07-16;3;66473;59;523400;1;523400
FA-3-66474;FA;2024-07-16;3;66474;56;474500;1;474500
FA-3-66466;FA;2024-07-16;3;66466;18;192500;1;192500
FA-3-66475;FA;2024-07-16;3;66475;105;175000;1;175000
FA-3-66476;FA;2024-07-16;3;66476;120;209000;1;209000
FA-3-66477;FA;2024-07-16;3;66477;54;240550;1;240550
FA-3-66478;FA;2024-07-16;3;66478;12;164145;1;164145
FA-3-66460;FA;2024-07-16;3;66460;49;233060;1;233060
FA-3-66461;FA;2024-07-16;3;66461;121;307900;1;307900
FA-3-66462;FA;2024-07-16;3;66462;97;397166,67;3;1191500
FA-3-66463;FA;2024-07-16;3;66463;50;432677,5;2;865355
FA-3-66464;FA;2024-07-16;3;66464;85;408600;1;408600
FA-3-66465;FA;2024-07-16;3;66465;2;221300;1;221300
FA-3-66467;FA;2024-07-16;3;66467;13;185000;1;185000
FA-3-66456;FA;2024-07-16;3;66456;84;312760;1;312760
FA-3-66457;FA;2024-07-16;3;66457;32;600000;1;600000
FA-3-66458;FA;2024-07-16;3;66458;78;606266,67;3;1818800
FA-3-66459;FA;2024-07-16;3;66459;71;279535;2;559070
FA-4-1242;FA;2024-07-17;4;1242;57;228951;1;228951
FA-3-66495;FA;2024-07-17;3;66495;102;1221600;1;1221600
FA-3-66496;FA;2024-07-17;3;66496;98;174050;1;174050
FA-3-66497;FA;2024-07-17;3;66497;75;475870;1;475870
FA-3-66498;FA;2024-07-17;3;66498;49;281960;1;281960
FA-3-66499;FA;2024-07-17;3;66499;43;233060;1;233060
FA-3-66500;FA;2024-07-17;3;66500;63;619500;1;619500
FA-3-66501;FA;2024-07-17;3;66501;98;217500;1;217500
FA-3-66502;FA;2024-07-17;3;66502;84;272900;1;272900
FA-3-66485;FA;2024-07-17;3;66485;118;261985;1;261985
FA-3-66504;FA;2024-07-17;3;66504;78;149275;1;149275
FA-3-66505;FA;2024-07-17;3;66505;13;160000;1;160000
FA-3-66506;FA;2024-07-17;3;66506;2;217050;1;217050
FA-3-66507;FA;2024-07-17;3;66507;30;857650;1;857650
FA-3-66510;FA;2024-07-17;3;66510;57;352400;1;352400
FA-3-66511;FA;2024-07-17;3;66511;42;1073100;1;1073100
FA-3-66512;FA;2024-07-17;3;66512;98;469485;2;938970
FA-3-66508;FA;2024-07-17;3;66508;6;120275;2;240550
FA-3-66509;FA;2024-07-17;3;66509;8;150500;1;150500
FA-3-66488;FA;2024-07-17;3;66488;104;1481480;1;1481480
FA-3-66489;FA;2024-07-17;3;66489;77;219300;1;219300
FA-3-66490;FA;2024-07-17;3;66490;58;217010;1;217010
FA-3-66486;FA;2024-07-17;3;66486;19;330440;1;330440
FA-3-66487;FA;2024-07-17;3;66487;33;257050;1;257050
FA-4-1246;FA;2024-07-17;4;1246;98;290000;2;580000
FA-4-1247;FA;2024-07-17;4;1247;24;1086900;1;1086900
FA-3-66481;FA;2024-07-17;3;66481;48;144145;1;144145
FA-3-66492;FA;2024-07-17;3;66492;61;357498,9;1;357498,9
FA-3-66493;FA;2024-07-17;3;66493;15;297550;1;297550
FA-3-66494;FA;2024-07-17;3;66494;120;199950,33;3;599851
FA-4-1243;FA;2024-07-17;4;1243;29;253525;2;507050
FA-4-1244;FA;2024-07-17;4;1244;25;519250;2;1038500
FA-4-1245;FA;2024-07-17;4;1245;6;167700;3;503100
FA-4-1248;FA;2024-07-17;4;1248;75;384650;1;384650
FA-4-1249;FA;2024-07-17;4;1249;23;273200;3;819600
FA-3-66482;FA;2024-07-17;3;66482;35;203770;1;203770
FA-3-66483;FA;2024-07-17;3;66483;11;327315;1;327315
FA-3-66484;FA;2024-07-17;3;66484;117;233060;1;233060
FA-3-66491;FA;2024-07-17;3;66491;25;198510;2;397020
FA-3-66513;FA;2024-07-17;3;66513;79;395000;1;395000
FA-3-66503;FA;2024-07-17;3;66503;26;466250;1;466250
FA-3-66527;FA;2024-07-18;3;66527;6;143000;1;143000
FA-3-66531;FA;2024-07-18;3;66531;96;190000;1;190000
FA-3-66524;FA;2024-07-18;3;66524;91;202515;1;202515
FA-3-66533;FA;2024-07-18;3;66533;21;184610;1;184610
FA-3-66534;FA;2024-07-18;3;66534;8;190750;2;381500
FA-3-66521;FA;2024-07-18;3;66521;39;353500;1;353500
FA-3-66522;FA;2024-07-18;3;66522;1;262620;1;262620
FA-3-66528;FA;2024-07-18;3;66528;35;161327,5;2;322655
FA-3-66529;FA;2024-07-18;3;66529;20;408600;1;408600
FA-3-66523;FA;2024-07-18;3;66523;64;787350;2;1574700
FA-3-66530;FA;2024-07-18;3;66530;33;295600;1;295600
FA-3-66525;FA;2024-07-18;3;66525;28;126675;2;253350
FA-3-66526;FA;2024-07-18;3;66526;33;191500;1;191500
FA-3-66520;FA;2024-07-18;3;66520;73;206310;2;412620
FA-3-66532;FA;2024-07-18;3;66532;107;255000;1;255000
FA-3-66548;FA;2024-07-19;3;66548;112;233040;1;233040
FA-3-66549;FA;2024-07-19;3;66549;66;415000;1;415000
FA-3-66550;FA;2024-07-19;3;66550;30;198166,67;3;594500
FA-3-66551;FA;2024-07-19;3;66551;113;584000;1;584000
FA-3-66552;FA;2024-07-19;3;66552;89;527225;1;527225
FA-3-66570;FA;2024-07-19;3;66570;114;233040;1;233040
FA-3-66571;FA;2024-07-19;3;66571;105;178000;1;178000
FA-3-66572;FA;2024-07-19;3;66572;54;200380;1;200380
FA-3-66573;FA;2024-07-19;3;66573;36;279920;1;279920
FA-3-66574;FA;2024-07-19;3;66574;106;801325;1;801325
FCEA-4-327;FCEA;2024-07-19;4;327;6;1448500;1;1448500
FA-3-66554;FA;2024-07-19;3;66554;76;216500;1;216500
FA-3-66564;FA;2024-07-19;3;66564;2;212050;1;212050
FA-3-66569;FA;2024-07-19;3;66569;24;423500;1;423500
FA-3-66556;FA;2024-07-19;3;66556;2;533100;1;533100
FA-3-66576;FA;2024-07-19;3;66576;56;148775;2;297550
FA-3-66555;FA;2024-07-19;3;66555;33;129820;1;129820
FA-3-66542;FA;2024-07-19;3;66542;21;185000;1;185000
FA-3-66559;FA;2024-07-19;3;66559;46;314355;1;314355
FA-3-66560;FA;2024-07-19;3;66560;52;211500;1;211500
FA-3-66567;FA;2024-07-19;3;66567;120;205000;1;205000
FA-3-66538;FA;2024-07-19;3;66538;12;213800;1;213800
FA-3-66539;FA;2024-07-19;3;66539;38;213800;1;213800
FA-3-66561;FA;2024-07-19;3;66561;11;296050;1;296050
FA-3-66565;FA;2024-07-19;3;66565;30;155400;1;155400
FA-4-1250;FA;2024-07-19;4;1250;16;264320;1;264320
FA-3-66543;FA;2024-07-19;3;66543;35;147110;1;147110
FA-3-66544;FA;2024-07-19;3;66544;63;155111;1;155111
FA-3-66545;FA;2024-07-19;3;66545;114;192500;1;192500
FA-3-66546;FA;2024-07-19;3;66546;42;170000;1;170000
FA-3-66547;FA;2024-07-19;3;66547;95;138092,5;2;276185
FA-3-66563;FA;2024-07-19;3;66563;117;154000;1;154000
FA-3-66557;FA;2024-07-19;3;66557;118;333060;1;333060
FA-3-66558;FA;2024-07-19;3;66558;71;233060;1;233060
FA-3-66568;FA;2024-07-19;3;66568;28;446095;1;446095
FA-3-66540;FA;2024-07-19;3;66540;50;215730;1;215730
FA-3-66541;FA;2024-07-19;3;66541;119;147110;1;147110
FA-3-66566;FA;2024-07-19;3;66566;60;122635;2;245270
FA-3-66553;FA;2024-07-19;3;66553;119;296750;1;296750
FA-3-66575;FA;2024-07-19;3;66575;112;413810;1;413810
FA-3-66577;FA;2024-07-22;3;66577;52;267075;3;801225
FA-3-66590;FA;2024-07-22;3;66590;49;408600;1;408600
FA-3-66591;FA;2024-07-22;3;66591;43;402600;1;402600
FA-3-66592;FA;2024-07-22;3;66592;31;240550;1;240550
FA-3-66593;FA;2024-07-22;3;66593;7;542605;1;542605
FA-3-66594;FA;2024-07-22;3;66594;101;307050;1;307050
FA-3-66595;FA;2024-07-22;3;66595;9;499015;1;499015
FA-3-66596;FA;2024-07-22;3;66596;22;194610;1;194610
FA-3-66583;FA;2024-07-22;3;66583;101;527600;1;527600
FA-3-66597;FA;2024-07-22;3;66597;72;318150;1;318150
FA-3-66598;FA;2024-07-22;3;66598;82;253350;1;253350
FA-3-66599;FA;2024-07-22;3;66599;8;240550;1;240550
FA-3-66581;FA;2024-07-22;3;66581;21;191500;1;191500
FA-3-66588;FA;2024-07-22;3;66588;42;198500;1;198500
FA-3-66582;FA;2024-07-22;3;66582;105;154525;2;309050
FA-3-66587;FA;2024-07-22;3;66587;87;275160;1;275160
FA-4-1252;FA;2024-07-22;4;1252;1;252200;1;252200
FA-4-1253;FA;2024-07-22;4;1253;91;219780;1;219780
FA-4-1254;FA;2024-07-22;4;1254;42;502200;1;502200
FA-3-66589;FA;2024-07-22;3;66589;101;315550;1;315550
FA-3-66585;FA;2024-07-22;3;66585;100;141500;1;141500
FA-3-66586;FA;2024-07-22;3;66586;65;210000;1;210000
FA-3-66602;FA;2024-07-22;3;66602;95;233060;1;233060
FA-3-66584;FA;2024-07-22;3;66584;68;408600;1;408600
FA-3-66600;FA;2024-07-22;3;66600;116;345050;1;345050
FA-3-66601;FA;2024-07-22;3;66601;108;281600;1;281600
NCA-3-1114;NCA;2024-07-22;3;1114;38;-801325;1;-801325
FA-3-66603;FA;2024-07-23;3;66603;9;735500;1;735500
FA-3-66610;FA;2024-07-23;3;66610;11;170000;1;170000
FA-3-66611;FA;2024-07-23;3;66611;64;163500;1;163500
FA-3-66616;FA;2024-07-23;3;66616;17;499015;2;998030
FA-3-66617;FA;2024-07-23;3;66617;99;211040;1;211040
FA-3-66606;FA;2024-07-23;3;66606;43;424810;1;424810
FA-3-66615;FA;2024-07-23;3;66615;53;408600;1;408600
FA-3-66607;FA;2024-07-23;3;66607;68;612700;1;612700
FA-3-66612;FA;2024-07-23;3;66612;33;758700;1;758700
FA-3-66604;FA;2024-07-23;3;66604;105;528377,5;2;1056755
FA-4-1256;FA;2024-07-23;4;1256;81;218030;1;218030
FA-3-66609;FA;2024-07-23;3;66609;97;408565;1;408565
FA-4-1255;FA;2024-07-23;4;1255;115;635700;1;635700
FA-3-66605;FA;2024-07-23;3;66605;85;233060;1;233060
FA-3-66608;FA;2024-07-23;3;66608;45;408600;1;408600
FA-3-66614;FA;2024-07-23;3;66614;42;227900;2;455800
FA-3-66613;FA;2024-07-23;3;66613;36;515320;1;515320
NCEA-4-14;NCEA;2024-07-23;4;14;120;-1448500;1;-1448500
FA-3-66631;FA;2024-07-25;3;66631;75;281960;1;281960
FA-3-66632;FA;2024-07-25;3;66632;82;353365;1;353365
FA-3-66633;FA;2024-07-25;3;66633;4;397020;1;397020
FA-3-66634;FA;2024-07-25;3;66634;46;120275;2;240550
FA-3-66630;FA;2024-07-25;3;66630;24;1014985;1;1014985
FA-3-66640;FA;2024-07-25;3;66640;61;165000;1;165000
FCEA-4-328;FCEA;2024-07-25;4;328;22;1588001;1;1588001
FA-3-66636;FA;2024-07-25;3;66636;53;281960;1;281960
FA-3-66637;FA;2024-07-25;3;66637;118;300062,5;1;300062,5
FA-3-66638;FA;2024-07-25;3;66638;81;277050;1;277050
FA-3-66639;FA;2024-07-25;3;66639;10;249355;2;498710
FA-3-66627;FA;2024-07-25;3;66627;45;301700;1;301700
FA-3-66629;FA;2024-07-25;3;66629;65;302300;1;302300
FA-3-66628;FA;2024-07-25;3;66628;30;318365;1;318365
FA-4-1257;FA;2024-07-25;4;1257;29;194400;1;194400
FA-3-66626;FA;2024-07-25;3;66626;72;173590;1;173590
FA-3-66635;FA;2024-07-25;3;66635;37;141150;1;141150
FA-3-66643;FA;2024-07-25;3;66643;8;423510;1;423510
NCA-3-1115;NCA;2024-07-25;3;1115;32;-423510;1;-423510
FA-3-66652;FA;2024-07-26;3;66652;50;475870;1;475870
FA-3-66653;FA;2024-07-26;3;66653;3;202900;2;405800
FA-3-66654;FA;2024-07-26;3;66654;85;307000;1;307000
FA-3-66655;FA;2024-07-26;3;66655;18;168500;1;168500
FA-3-66657;FA;2024-07-26;3;66657;39;144335;1;144335
FA-3-66656;FA;2024-07-26;3;66656;106;238015;1;238015
FA-3-66650;FA;2024-07-26;3;66650;12;1543850;1;1543850
FA-3-66649;FA;2024-07-26;3;66649;109;399430,75;1;399430,75
FA-3-66651;FA;2024-07-26;3;66651;103;275160;1;275160
FCEA-4-329;FCEA;2024-07-26;4;329;5;795300;2;1590600
FA-4-1258;FA;2024-07-26;4;1258;105;812550;1;812550
FA-4-1259;FA;2024-07-26;4;1259;104;179300;2;358600
FA-3-66647;FA;2024-07-26;3;66647;22;199610;1;199610
FA-3-66648;FA;2024-07-26;3;66648;61;455800;1;455800
